student_id,age,gender,year_of_study,faculty,socioeconomic_index,parental_education_level,scholarship_holder,accommodation_type,learning_style,internet_access_quality,preferred_study_time,lecture_attendance_rate,tutorial_attendance_rate,tutorial_participation_score,office_hours_visits,lms_logins_per_week,assignment_completion_rate,avg_assignment_score,midterm_score,final_exam_score,avg_score,self_reported_stress_level,avg_weekly_study_hours,extracurricular_hours_per_week,part_time_work_hours,performance_band
1000,19,Male,4,Science,3,2,No,Off-campus,Visual,Good,Morning,80.9,62.3,2.05,3,12.3,51.4,70.3,42.2,59.3,59.2,3,12.0,7.4,1.1,Pass
1001,25,Male,3,Business,5,1,No,Off-campus,Auditory,Excellent,Morning,68.8,70.9,2.65,0,3.2,60.1,82.3,75.9,57.0,68.4,3,27.8,8.7,12.1,Merit
1002,19,Female,3,Science,4,5,No,On-campus,Auditory,Excellent,Morning,82.2,59.6,4.1,1,9.3,81.7,72.5,46.0,86.1,74.0,5,22.2,5.3,13.7,Merit
1003,20,Male,2,Business,4,4,Yes,Off-campus,Visual,Good,Night,58.4,100.0,3.16,5,18.8,62.7,91.9,94.4,94.3,93.6,3,26.3,6.9,0.0,Distinction
1004,25,Female,4,Arts,3,5,Yes,Off-campus,Reading-Writing,Good,Morning,43.3,56.1,4.41,2,4.0,36.1,48.3,65.1,58.6,56.8,2,7.0,7.7,7.1,Pass
1005,20,Male,3,Arts,2,4,No,On-campus,Kinesthetic,Fair,Evening,18.9,40.6,1.73,3,14.6,40.8,59.9,60.3,57.7,58.9,4,4.9,5.2,12.4,Pass
1006,22,Female,1,Science,3,3,Yes,On-campus,Auditory,Good,Evening,91.4,97.9,3.58,3,12.7,92.8,82.4,77.4,93.9,87.2,4,22.5,6.5,3.1,Distinction
1007,23,Male,4,Education,3,4,Yes,On-campus,Reading-Writing,Good,Afternoon,86.6,72.5,2.86,4,14.2,71.9,73.6,77.5,72.7,73.9,4,14.8,5.9,0.1,Merit
1008,22,Male,2,Science,1,3,No,On-campus,Visual,Poor,Morning,74.0,31.3,2.62,0,5.2,55.1,46.1,65.5,47.4,50.7,3,16.9,8.5,7.0,Pass
1009,18,Female,2,Business,5,1,Yes,On-campus,Auditory,Excellent,Evening,94.5,77.1,4.37,3,11.5,67.7,78.5,56.3,77.1,73.4,2,22.5,7.5,7.9,Merit
1010,18,Female,2,Science,4,4,Yes,Off-campus,Visual,Good,Evening,58.8,68.1,1.98,1,0.9,43.1,69.7,64.8,49.4,58.6,2,13.1,6.8,7.9,Pass
1011,22,Male,1,Engineering,2,5,Yes,Family home,Reading-Writing,Fair,Evening,81.5,72.2,2.41,0,3.2,57.6,52.0,64.2,39.7,48.3,3,18.5,8.1,9.2,Pass
1012,23,Female,3,Business,4,3,No,Off-campus,Kinesthetic,Fair,Evening,53.4,58.0,3.64,5,12.0,45.6,56.4,67.1,78.8,69.8,4,17.6,8.4,7.2,Merit
1013,22,Female,1,Business,4,5,No,Off-campus,Reading-Writing,Excellent,Night,0.5,33.5,2.12,0,0.9,64.9,34.4,24.8,6.9,18.7,3,0.0,8.6,11.1,At-Risk
1014,23,Female,4,Education,5,2,No,On-campus,Visual,Excellent,Afternoon,57.0,38.9,2.28,0,3.4,74.7,49.3,45.4,44.1,45.9,3,5.0,5.8,17.3,Pass
1015,23,Female,2,Arts,4,3,Yes,Off-campus,Visual,Excellent,Afternoon,13.3,73.9,1.95,0,0.1,28.4,52.3,57.7,54.9,54.7,1,13.1,6.0,7.3,Pass
1016,24,Male,1,Business,4,4,Yes,Off-campus,Auditory,Excellent,Evening,48.3,32.7,2.44,3,2.8,50.8,51.5,32.6,32.1,38.0,5,16.4,6.0,6.0,At-Risk
1017,25,Male,1,Arts,3,3,Yes,Family home,Auditory,Good,Morning,77.2,57.7,4.06,3,13.4,67.7,58.0,60.3,65.9,62.4,1,18.1,7.8,18.2,Merit
1018,21,Male,3,Science,5,5,Yes,Off-campus,Reading-Writing,Good,Evening,52.4,33.9,1.26,0,0.1,56.5,73.9,56.2,39.4,53.1,4,6.5,4.5,10.3,Pass
1019,23,Female,3,Engineering,1,1,No,Family home,Reading-Writing,Poor,Morning,86.4,17.1,1.74,0,3.6,68.1,48.8,40.2,42.7,44.0,4,14.7,7.1,0.0,Pass
1020,20,Female,2,Education,2,3,Yes,On-campus,Reading-Writing,Poor,Afternoon,32.3,89.7,2.28,7,10.1,80.6,94.1,95.0,94.3,94.4,3,25.0,10.0,9.9,Distinction
1021,23,Male,1,Arts,4,4,No,Off-campus,Visual,Good,Evening,51.1,80.6,3.32,0,6.4,66.0,67.2,52.5,60.5,60.9,3,24.7,8.6,14.9,Merit
1022,23,Male,1,Business,2,2,No,On-campus,Visual,Poor,Afternoon,58.0,62.0,4.01,0,4.1,100.0,65.4,49.0,68.7,63.8,2,15.9,4.2,10.1,Merit
1023,23,Female,3,Arts,1,1,No,Family home,Visual,Poor,Afternoon,13.9,25.4,2.14,0,0.0,51.2,47.0,65.0,33.2,43.7,3,0.6,4.6,15.4,Pass
1024,24,Other,1,Business,2,2,No,Off-campus,Visual,Poor,Afternoon,26.5,54.6,1.92,2,1.8,90.0,51.2,31.7,67.8,55.6,4,20.5,5.9,20.0,Pass
1025,25,Female,1,Arts,1,3,Yes,Off-campus,Auditory,Poor,Evening,39.2,70.5,2.27,3,9.1,78.9,61.8,55.7,74.2,66.8,4,11.5,8.4,2.9,Merit
1026,24,Male,1,Business,3,5,No,Off-campus,Reading-Writing,Fair,Afternoon,21.5,40.4,2.19,1,1.3,47.9,41.1,46.1,34.5,38.8,3,11.3,6.2,12.1,At-Risk
1027,18,Male,3,Science,4,5,Yes,On-campus,Reading-Writing,Good,Evening,58.6,90.7,2.95,5,16.4,63.7,58.3,77.5,74.9,70.4,1,18.2,8.5,16.7,Merit
1028,24,Male,2,Business,1,4,No,Off-campus,Visual,Poor,Morning,36.9,38.8,3.43,0,4.4,62.7,78.7,58.7,56.4,63.6,2,12.3,10.6,20.0,Merit
1029,20,Female,4,Business,2,5,No,On-campus,Visual,Poor,Evening,60.4,55.3,2.32,0,1.8,49.6,64.3,83.4,52.2,62.0,5,12.4,11.2,7.0,Merit
1030,20,Male,2,Engineering,4,1,No,Off-campus,Visual,Fair,Evening,62.0,55.4,3.05,2,8.6,49.8,72.4,49.6,45.8,54.5,2,0.4,4.7,19.9,Pass
1031,24,Female,4,Business,3,5,Yes,On-campus,Visual,Fair,Morning,87.2,97.7,3.68,3,14.6,85.9,79.3,77.3,100.0,89.2,2,17.2,9.4,6.5,Distinction
1032,25,Male,1,Engineering,4,4,Yes,Off-campus,Reading-Writing,Good,Afternoon,46.7,60.5,2.4,0,1.3,74.2,52.3,57.2,59.6,56.9,4,22.8,5.1,15.5,Pass
1033,22,Female,2,Education,1,3,No,Family home,Visual,Poor,Morning,50.1,25.0,2.21,3,0.0,84.7,42.5,40.3,43.6,42.6,3,12.7,9.8,15.0,Pass
1034,21,Female,4,Engineering,3,3,Yes,Off-campus,Auditory,Fair,Evening,83.9,100.0,3.68,1,8.5,72.6,70.6,71.5,88.8,79.9,3,32.5,5.6,7.1,Distinction
1035,25,Female,3,Science,2,5,No,Family home,Visual,Fair,Afternoon,51.7,38.1,3.12,0,0.0,62.3,50.7,29.9,63.4,52.9,4,1.6,6.1,20.0,Pass
1036,24,Male,3,Engineering,3,2,Yes,On-campus,Reading-Writing,Fair,Evening,96.3,68.8,2.9,2,15.5,48.1,66.0,72.5,58.5,63.6,5,15.8,4.8,4.7,Merit
1037,23,Male,2,Education,3,3,No,On-campus,Auditory,Fair,Morning,57.0,43.9,1.06,1,3.9,62.4,33.8,35.1,22.5,28.4,3,13.3,5.8,20.0,At-Risk
1038,19,Male,2,Science,5,5,No,Family home,Visual,Excellent,Morning,76.1,30.5,3.14,0,4.0,28.2,49.9,24.9,36.8,38.4,5,4.4,7.4,20.0,At-Risk
1039,21,Female,1,Arts,3,4,Yes,Off-campus,Auditory,Fair,Morning,7.1,63.8,2.38,3,5.7,84.3,69.1,74.6,64.5,67.9,3,12.6,9.0,14.2,Merit
1040,21,Female,2,Arts,3,5,No,Off-campus,Reading-Writing,Good,Afternoon,64.3,60.9,3.58,2,7.8,77.6,80.9,61.3,77.1,75.1,2,16.6,10.8,5.4,Distinction
1041,20,Female,1,Engineering,4,3,Yes,On-campus,Kinesthetic,Good,Afternoon,52.2,72.8,3.07,3,0.7,70.2,81.8,48.4,58.2,63.3,3,12.7,9.9,8.7,Merit
1042,21,Female,1,Engineering,2,4,Yes,On-campus,Visual,Good,Evening,53.3,58.1,2.82,0,0.7,64.1,60.0,59.3,45.3,52.5,2,18.1,7.4,2.0,Pass
1043,24,Female,3,Education,4,5,Yes,On-campus,Reading-Writing,Excellent,Evening,37.9,63.5,2.46,4,14.7,46.9,73.5,34.4,72.1,65.0,4,1.0,7.6,6.6,Merit
1044,23,Male,3,Education,4,1,No,Family home,Kinesthetic,Good,Afternoon,48.1,22.1,2.76,0,9.9,33.5,47.9,44.9,39.5,43.1,5,19.1,6.2,15.5,Pass
1045,23,Female,4,Business,1,4,No,Off-campus,Kinesthetic,Poor,Night,11.6,36.8,1.0,0,0.5,73.9,41.1,15.1,42.9,36.8,4,4.7,4.9,3.0,At-Risk
1046,18,Male,3,Education,4,1,No,Off-campus,Reading-Writing,Fair,Evening,58.5,32.6,3.68,0,8.8,64.7,77.3,40.7,56.1,59.4,3,0.0,5.7,7.9,Pass
1047,23,Male,3,Business,5,2,Yes,On-campus,Reading-Writing,Excellent,Night,52.1,69.2,2.8,3,13.2,78.1,100.0,94.8,97.4,97.6,4,20.2,5.0,14.6,Distinction
1048,25,Female,2,Science,5,4,No,Off-campus,Auditory,Excellent,Afternoon,48.4,26.6,3.5,4,11.5,80.8,75.3,56.9,58.3,63.1,2,14.1,5.6,6.2,Merit
1049,23,Male,3,Engineering,1,1,No,Off-campus,Reading-Writing,Poor,Afternoon,46.1,28.9,2.4,0,0.0,50.4,44.7,27.4,30.4,34.1,3,4.9,4.6,18.5,At-Risk
1050,20,Male,4,Science,2,3,No,Family home,Auditory,Poor,Morning,59.8,56.8,4.18,1,0.0,62.0,66.2,80.1,51.9,61.8,3,18.8,7.3,9.9,Merit
1051,23,Female,2,Education,2,3,No,Family home,Reading-Writing,Poor,Evening,72.2,56.5,2.97,3,8.6,100.0,55.7,44.7,51.9,51.6,3,17.6,11.6,7.6,Pass
1052,18,Male,4,Science,4,2,No,Off-campus,Auditory,Good,Morning,28.8,50.5,2.0,0,0.0,73.0,69.0,59.0,54.0,59.5,2,23.4,5.6,9.3,Pass
1053,19,Female,3,Science,4,4,Yes,Family home,Reading-Writing,Good,Afternoon,59.5,88.0,2.02,3,9.2,79.2,72.2,83.3,59.9,68.2,3,13.2,9.4,7.0,Merit
1054,24,Male,4,Science,4,4,No,Family home,Reading-Writing,Fair,Afternoon,83.1,100.0,3.24,3,8.1,74.7,94.1,81.2,76.7,82.8,3,25.6,7.3,0.0,Distinction
1055,20,Male,2,Education,2,4,Yes,Family home,Visual,Good,Afternoon,71.5,91.0,1.9,4,9.0,95.5,76.5,56.6,84.8,76.7,4,24.6,6.6,9.9,Distinction
1056,25,Male,1,Science,3,2,No,Family home,Reading-Writing,Poor,Evening,55.1,40.6,2.08,0,3.7,48.1,50.8,40.2,50.8,48.7,2,0.0,7.1,9.9,Pass
1057,19,Male,4,Business,5,4,No,On-campus,Auditory,Excellent,Morning,76.1,52.0,2.61,0,4.4,53.2,55.3,87.9,42.9,55.6,2,7.6,9.0,13.8,Pass
1058,20,Female,4,Education,3,3,Yes,Off-campus,Reading-Writing,Fair,Afternoon,50.2,78.0,2.61,3,9.1,99.4,61.5,59.1,69.7,65.1,3,7.6,8.2,8.9,Merit
1059,22,Male,2,Science,3,1,Yes,On-campus,Auditory,Good,Evening,54.4,53.4,3.52,2,11.5,82.2,81.8,100.0,83.1,86.1,4,23.0,7.5,4.3,Distinction
1060,21,Female,2,Education,2,3,No,On-campus,Visual,Poor,Night,63.7,52.1,2.57,0,12.0,52.8,46.3,73.3,52.5,54.8,4,15.0,7.2,10.4,Pass
1061,22,Male,4,Arts,3,3,Yes,Family home,Kinesthetic,Good,Evening,50.2,53.6,2.65,4,1.9,67.9,54.6,63.4,67.6,62.8,3,16.6,8.3,9.6,Merit
1062,23,Female,3,Business,1,1,No,Off-campus,Visual,Poor,Night,66.4,52.2,1.0,1,1.8,69.5,65.0,47.0,34.2,46.0,3,7.3,10.6,18.7,Pass
1063,19,Female,4,Science,4,3,No,Family home,Reading-Writing,Good,Evening,50.4,51.3,1.37,3,6.1,65.0,41.1,36.5,42.6,40.9,4,7.6,8.3,11.9,Pass
1064,23,Female,2,Arts,1,2,Yes,Family home,Auditory,Poor,Afternoon,50.7,61.0,3.92,4,6.4,94.4,83.4,71.1,63.0,70.7,4,18.9,8.4,7.0,Merit
1065,21,Male,1,Arts,5,1,No,Family home,Auditory,Excellent,Morning,75.3,74.1,4.32,2,6.7,67.5,60.6,72.1,68.4,66.8,2,19.0,5.2,0.0,Merit
1066,20,Male,1,Education,4,3,Yes,Family home,Visual,Fair,Evening,36.2,65.6,1.49,2,11.3,83.4,78.6,58.2,66.5,68.5,2,20.1,8.9,8.0,Merit
1067,21,Male,3,Arts,3,5,Yes,On-campus,Auditory,Excellent,Evening,86.0,67.1,2.85,2,12.4,79.4,64.3,58.7,78.3,70.2,2,12.5,7.3,12.3,Merit
1068,18,Female,4,Business,5,3,Yes,On-campus,Visual,Good,Evening,32.7,87.5,4.04,0,4.0,75.7,60.6,48.4,61.9,58.8,4,11.3,9.8,9.1,Pass
1069,21,Male,1,Business,4,2,Yes,Off-campus,Visual,Fair,Afternoon,73.0,59.5,2.1,0,6.3,80.4,64.1,65.9,37.7,51.3,2,12.6,10.1,4.5,Pass
1070,18,Female,4,Engineering,3,4,Yes,On-campus,Visual,Good,Afternoon,67.0,72.0,3.09,4,15.9,84.9,72.0,46.1,74.8,68.2,5,14.2,7.3,2.0,Merit
1071,21,Female,2,Business,1,3,Yes,On-campus,Visual,Poor,Afternoon,69.1,92.9,4.92,5,9.5,93.7,92.4,93.7,72.6,82.8,2,14.9,5.5,0.0,Distinction
1072,24,Male,1,Arts,4,4,No,Off-campus,Kinesthetic,Good,Afternoon,69.9,52.5,2.69,0,7.9,39.8,51.8,36.7,69.3,57.5,3,18.5,7.3,13.1,Pass
1073,18,Female,3,Business,3,5,Yes,Off-campus,Kinesthetic,Good,Morning,80.9,74.1,3.38,4,19.0,88.1,80.9,91.0,92.7,88.8,3,18.8,5.5,7.7,Distinction
1074,19,Male,2,Education,1,3,No,Off-campus,Visual,Poor,Evening,55.4,14.3,1.56,0,0.0,26.8,27.4,18.2,0.0,11.9,3,0.0,5.6,0.0,At-Risk
1075,23,Male,3,Engineering,5,1,Yes,On-campus,Reading-Writing,Good,Morning,91.6,83.8,4.89,1,17.4,90.5,63.8,88.2,76.1,74.8,2,17.9,4.1,5.1,Merit
1076,25,Female,2,Arts,5,4,No,Off-campus,Visual,Excellent,Morning,62.9,64.3,3.4,3,12.2,85.9,72.0,57.3,88.1,77.1,3,9.2,5.5,8.5,Distinction
1077,23,Female,1,Engineering,5,5,No,On-campus,Reading-Writing,Excellent,Afternoon,36.6,53.2,2.87,1,3.4,61.9,70.8,31.4,66.5,60.8,2,13.3,7.4,4.1,Merit
1078,22,Female,3,Arts,5,1,Yes,On-campus,Reading-Writing,Excellent,Evening,47.1,76.6,2.63,0,5.6,61.1,62.7,59.1,53.4,57.3,2,12.9,5.9,5.8,Pass
1079,23,Male,3,Education,2,1,No,Family home,Kinesthetic,Good,Afternoon,33.7,27.6,2.44,0,0.0,69.5,56.4,32.1,31.4,39.0,3,1.5,7.4,20.0,At-Risk
1080,20,Male,2,Engineering,4,1,No,Off-campus,Auditory,Excellent,Afternoon,74.4,46.3,3.42,3,0.0,58.3,54.5,55.1,41.9,48.3,4,10.4,9.9,10.7,Pass
1081,24,Female,3,Science,4,1,No,Off-campus,Reading-Writing,Good,Afternoon,49.4,69.2,2.32,2,10.1,56.4,84.3,72.3,52.7,66.1,3,23.8,10.2,4.4,Merit
1082,21,Female,2,Arts,2,3,Yes,On-campus,Visual,Fair,Afternoon,64.3,71.0,4.29,6,7.4,75.2,88.4,75.4,85.9,84.6,2,25.0,9.0,2.6,Distinction
1083,22,Female,2,Science,3,3,No,Family home,Kinesthetic,Good,Night,86.8,26.9,2.62,4,7.6,55.5,46.5,37.1,56.2,49.5,4,0.4,10.1,8.4,Pass
1084,20,Male,2,Engineering,3,3,No,Off-campus,Visual,Fair,Night,44.8,47.8,2.62,2,0.0,47.4,75.1,35.9,53.6,56.5,3,17.1,5.6,11.8,Pass
1085,20,Female,2,Science,5,5,No,Off-campus,Reading-Writing,Excellent,Afternoon,37.3,42.6,2.04,0,10.2,76.7,54.5,46.3,59.2,55.2,1,16.1,4.4,2.4,Pass
1086,18,Male,1,Science,1,5,No,Off-campus,Reading-Writing,Poor,Afternoon,79.7,69.9,3.14,0,10.7,48.0,88.0,67.4,81.4,80.6,3,22.8,8.8,1.9,Distinction
1087,23,Male,2,Engineering,3,5,No,Family home,Reading-Writing,Fair,Evening,57.2,50.4,2.34,3,4.7,60.7,70.4,93.8,49.8,64.8,5,22.9,8.3,12.2,Merit
1088,19,Female,4,Education,1,2,No,Off-campus,Visual,Poor,Morning,21.9,70.2,1.87,4,4.8,62.9,62.4,67.1,49.9,57.1,4,12.5,7.3,9.2,Pass
1089,25,Male,3,Science,4,5,Yes,Off-campus,Kinesthetic,Excellent,Afternoon,81.0,57.8,3.56,3,9.9,79.3,80.2,75.9,78.9,78.7,1,21.9,12.3,2.2,Distinction
1090,19,Female,4,Science,1,3,No,Family home,Visual,Poor,Afternoon,41.0,55.0,2.76,0,11.2,96.5,74.6,66.8,66.2,68.8,3,12.2,6.4,3.7,Merit
1091,22,Male,1,Education,4,3,Yes,Off-campus,Reading-Writing,Good,Night,65.6,80.2,2.44,2,6.8,100.0,73.2,78.1,79.3,77.2,2,25.8,6.5,8.7,Distinction
1092,24,Male,4,Science,2,2,No,Off-campus,Visual,Fair,Morning,46.6,28.8,4.39,1,3.8,37.6,61.9,53.1,50.7,54.5,4,13.0,8.5,7.5,Pass
1093,19,Female,3,Science,2,2,No,Off-campus,Visual,Poor,Afternoon,56.3,33.3,1.94,0,1.5,37.4,65.6,57.0,57.2,59.7,2,3.7,1.9,11.5,Pass
1094,21,Female,4,Science,5,5,Yes,Off-campus,Auditory,Good,Evening,7.3,59.8,3.68,0,7.0,65.7,62.4,54.6,33.3,46.3,3,20.3,5.0,6.0,Pass
1095,19,Female,1,Business,3,4,No,Off-campus,Auditory,Fair,Afternoon,33.7,31.4,1.09,0,4.2,42.3,45.4,12.9,45.2,38.8,2,6.8,8.4,6.7,At-Risk
1096,22,Female,2,Education,5,2,Yes,Off-campus,Visual,Excellent,Morning,80.5,50.9,3.51,1,6.3,55.7,70.7,60.0,64.2,65.3,3,14.6,5.4,8.3,Merit
1097,25,Female,4,Science,4,1,No,Family home,Visual,Fair,Night,82.9,73.0,2.93,5,5.8,73.4,87.8,61.0,71.8,74.4,2,13.2,4.5,6.7,Merit
1098,19,Female,1,Education,5,3,Yes,Family home,Auditory,Fair,Afternoon,35.2,47.9,2.5,2,10.4,73.5,62.1,51.1,37.0,47.4,3,12.4,11.3,11.4,Pass
1099,21,Female,1,Arts,1,1,Yes,Off-campus,Reading-Writing,Poor,Evening,71.1,52.4,3.04,2,9.7,54.6,74.3,49.8,72.4,68.4,2,15.4,7.5,13.1,Merit
1100,18,Male,3,Arts,4,3,No,Off-campus,Reading-Writing,Excellent,Morning,25.6,25.3,2.34,0,5.7,43.7,41.8,42.4,23.0,32.5,1,1.0,12.5,10.5,At-Risk
1101,24,Female,3,Science,2,3,Yes,On-campus,Visual,Poor,Afternoon,45.3,62.2,2.14,2,3.2,53.5,51.1,62.9,77.8,66.8,4,1.9,4.2,11.0,Merit
1102,22,Male,4,Education,3,2,No,Family home,Visual,Fair,Afternoon,45.1,74.8,2.14,0,4.5,59.7,93.7,58.5,75.0,77.3,4,5.8,8.8,7.1,Distinction
1103,18,Other,2,Education,4,2,No,Family home,Visual,Good,Morning,49.2,20.1,1.34,0,7.8,68.5,60.8,56.9,32.3,45.8,5,13.7,9.2,13.6,Pass
1104,18,Female,1,Education,4,1,Yes,Off-campus,Visual,Excellent,Morning,73.4,59.3,3.16,3,8.4,51.9,68.7,66.7,65.3,66.6,1,13.1,6.6,9.7,Merit
1105,18,Male,4,Business,1,3,Yes,Family home,Reading-Writing,Poor,Evening,64.3,78.9,2.2,3,0.0,65.2,75.8,62.5,57.1,63.8,2,24.8,5.6,3.7,Merit
1106,20,Female,1,Arts,3,1,Yes,Off-campus,Reading-Writing,Poor,Morning,71.3,82.0,3.95,4,12.9,86.6,100.0,94.6,87.6,92.7,3,24.0,8.7,0.0,Distinction
1107,24,Female,1,Education,2,4,Yes,Off-campus,Visual,Fair,Morning,76.1,45.7,3.56,3,3.6,72.0,71.2,41.7,57.0,58.2,4,21.8,5.5,8.8,Pass
1108,25,Male,2,Education,4,1,No,On-campus,Visual,Excellent,Afternoon,43.5,74.2,3.3,3,3.1,77.2,76.3,59.3,69.1,69.3,1,11.4,9.4,13.0,Merit
1109,23,Female,2,Business,4,5,No,Off-campus,Visual,Good,Evening,52.7,73.9,2.38,5,1.1,99.7,53.5,52.9,61.9,57.6,3,11.6,7.7,12.7,Pass
1110,24,Female,4,Business,1,1,No,Family home,Reading-Writing,Poor,Morning,55.7,44.6,2.77,0,0.0,55.6,51.8,49.6,13.4,32.2,3,5.5,7.4,9.0,At-Risk
1111,20,Male,2,Education,5,5,No,Off-campus,Kinesthetic,Excellent,Afternoon,65.3,65.1,2.66,0,3.9,78.6,62.3,63.6,63.9,63.4,1,13.8,7.7,3.9,Merit
1112,23,Female,2,Engineering,2,5,Yes,Off-campus,Visual,Fair,Morning,46.3,62.4,1.96,2,0.0,66.7,72.4,44.9,59.0,60.2,2,13.6,5.8,4.4,Merit
1113,24,Male,4,Education,3,5,Yes,Family home,Visual,Excellent,Morning,49.4,83.5,4.0,7,14.0,84.9,77.4,100.0,86.1,86.3,3,21.2,5.2,0.0,Distinction
1114,18,Female,2,Education,4,4,No,On-campus,Reading-Writing,Excellent,Morning,61.3,74.1,3.37,3,5.5,59.8,69.0,68.0,52.2,60.4,1,2.9,10.1,0.0,Merit
1115,22,Other,3,Business,4,1,No,Off-campus,Kinesthetic,Excellent,Evening,26.4,76.7,2.61,0,8.3,63.0,46.2,63.4,82.0,67.6,4,20.9,10.1,11.0,Merit
1116,23,Female,1,Business,2,1,No,Off-campus,Auditory,Poor,Morning,50.4,42.4,3.69,2,2.4,75.5,61.8,67.8,55.4,59.8,3,18.5,9.4,5.8,Pass
1117,21,Male,1,Education,5,4,No,Family home,Visual,Excellent,Morning,66.9,47.9,1.8,0,11.8,31.2,33.9,12.5,20.6,23.0,3,4.9,9.8,13.8,At-Risk
1118,21,Female,1,Education,4,3,Yes,Off-campus,Visual,Good,Afternoon,78.4,86.9,3.06,3,13.5,92.6,85.0,44.8,88.7,78.8,1,23.4,8.8,3.0,Distinction
1119,19,Female,1,Education,2,2,Yes,On-campus,Auditory,Poor,Evening,24.0,88.5,2.54,4,5.3,77.3,74.7,57.1,64.3,66.0,1,17.6,7.5,5.6,Merit
1120,23,Male,4,Business,1,1,Yes,On-campus,Visual,Fair,Afternoon,68.9,74.7,3.94,4,8.6,90.5,66.8,73.7,76.4,73.0,2,26.7,9.6,2.2,Merit
1121,22,Female,1,Education,5,2,No,Off-campus,Visual,Good,Afternoon,39.5,33.5,2.5,0,10.9,48.2,68.4,64.7,41.9,54.4,2,1.3,4.2,10.6,Pass
1122,25,Male,1,Education,3,4,No,Off-campus,Auditory,Poor,Morning,43.6,73.5,2.92,4,13.0,73.3,72.9,67.5,100.0,85.4,2,21.1,5.8,0.0,Distinction
1123,20,Female,1,Science,4,3,No,On-campus,Visual,Good,Afternoon,49.7,27.9,1.98,0,0.0,47.1,17.9,28.7,33.1,27.6,4,6.5,7.1,12.1,At-Risk
1124,18,Male,1,Engineering,2,3,Yes,Off-campus,Reading-Writing,Poor,Afternoon,51.0,68.0,1.0,7,2.9,70.6,77.2,69.9,59.1,66.7,3,19.1,6.3,13.5,Merit
1125,19,Male,3,Arts,1,3,Yes,On-campus,Visual,Poor,Afternoon,69.2,93.2,4.72,6,8.4,100.0,73.6,86.9,94.7,86.8,2,36.7,11.4,4.0,Distinction
1126,21,Male,1,Engineering,3,4,No,Off-campus,Visual,Good,Afternoon,47.6,77.3,2.37,0,3.3,70.1,44.5,38.6,29.9,36.0,3,9.2,6.8,12.4,At-Risk
1127,20,Female,3,Science,2,5,No,Family home,Auditory,Poor,Afternoon,36.8,64.9,1.0,3,0.9,91.8,53.0,46.4,47.7,49.1,4,17.4,9.5,3.1,Pass
1128,20,Male,4,Arts,2,5,Yes,On-campus,Visual,Fair,Morning,59.9,80.0,1.88,4,6.9,63.8,52.0,77.3,79.5,70.8,4,14.5,7.9,10.5,Merit
1129,18,Female,2,Education,3,2,No,On-campus,Kinesthetic,Fair,Afternoon,40.1,63.5,2.41,4,7.9,13.7,54.0,65.8,63.4,61.1,4,20.0,5.7,12.8,Merit
1130,25,Male,1,Science,1,5,No,Family home,Auditory,Poor,Morning,28.7,31.2,1.17,3,4.0,45.3,32.3,37.0,52.5,43.4,4,12.5,9.4,14.0,Pass
1131,25,Male,2,Education,1,5,No,Off-campus,Visual,Poor,Evening,75.5,56.9,3.67,3,3.9,74.3,67.4,80.9,66.0,69.4,3,13.0,8.4,8.9,Merit
1132,23,Female,2,Business,5,3,No,Family home,Reading-Writing,Excellent,Night,66.3,41.3,2.8,0,0.0,68.0,40.0,50.2,42.3,43.2,5,6.9,9.5,10.5,Pass
1133,21,Female,4,Science,4,3,Yes,Family home,Visual,Excellent,Night,25.6,69.9,3.52,2,5.3,80.2,71.0,81.0,58.5,66.8,3,20.8,7.3,9.8,Merit
1134,25,Male,2,Business,3,2,Yes,Family home,Kinesthetic,Good,Evening,60.7,52.0,1.0,0,3.2,51.5,65.6,35.9,46.1,49.9,5,5.8,4.6,17.7,Pass
1135,22,Female,3,Science,3,1,Yes,Family home,Visual,Poor,Evening,98.5,83.3,3.35,4,4.7,100.0,91.4,75.4,86.6,85.8,2,24.1,4.5,5.0,Distinction
1136,25,Female,2,Science,3,2,Yes,Off-campus,Auditory,Fair,Evening,78.3,43.9,2.05,3,8.7,45.1,54.8,40.3,53.7,51.3,2,8.6,5.8,5.5,Pass
1137,20,Female,2,Business,1,2,No,Off-campus,Visual,Poor,Afternoon,62.2,46.3,2.08,2,0.0,62.0,51.2,54.1,43.0,47.7,2,16.0,8.0,4.5,Pass
1138,18,Male,2,Arts,4,4,No,Off-campus,Auditory,Excellent,Evening,42.0,51.3,3.07,5,12.9,63.6,76.4,72.9,75.2,75.1,2,17.9,9.5,9.2,Distinction
1139,22,Male,1,Engineering,5,4,No,On-campus,Reading-Writing,Excellent,Afternoon,57.3,64.8,1.48,1,0.0,55.5,43.3,45.4,22.1,33.1,5,4.0,5.4,6.9,At-Risk
1140,23,Female,1,Education,2,2,Yes,Off-campus,Reading-Writing,Fair,Afternoon,39.9,96.5,3.29,1,9.8,96.6,69.7,87.1,67.5,72.1,4,23.9,5.9,8.3,Merit
1141,21,Male,3,Science,2,2,Yes,On-campus,Visual,Fair,Evening,63.2,100.0,4.27,1,9.9,83.6,63.5,88.3,90.3,81.9,2,23.2,7.6,2.4,Distinction
1142,23,Female,3,Education,3,2,No,Family home,Visual,Good,Afternoon,46.6,17.0,2.74,0,9.2,48.7,53.8,29.7,14.9,29.5,4,6.6,6.4,7.5,At-Risk
1143,20,Female,1,Business,4,5,Yes,Off-campus,Reading-Writing,Good,Afternoon,40.8,74.6,2.98,2,4.0,46.8,67.5,62.7,49.9,57.8,3,18.9,9.9,11.6,Pass
1144,22,Female,3,Education,1,4,No,Off-campus,Kinesthetic,Poor,Night,34.7,79.3,4.73,3,3.5,68.8,90.2,82.0,51.7,69.3,5,4.6,9.7,10.8,Merit
1145,22,Female,1,Business,4,2,Yes,On-campus,Visual,Excellent,Morning,74.1,69.7,4.3,2,8.9,96.6,87.4,81.1,72.3,78.6,2,33.5,8.2,0.0,Distinction
1146,22,Other,4,Education,4,3,No,On-campus,Auditory,Good,Afternoon,82.0,52.8,2.3,1,3.7,51.4,55.8,59.3,23.8,40.5,2,9.0,5.4,14.1,Pass
1147,20,Male,2,Engineering,1,3,No,On-campus,Visual,Poor,Night,68.7,37.3,1.95,0,0.0,49.4,47.9,34.4,50.0,46.3,3,0.0,9.0,13.6,Pass
1148,20,Female,2,Engineering,3,5,No,Off-campus,Reading-Writing,Fair,Evening,74.4,90.8,4.33,3,6.8,92.8,64.0,59.3,73.8,67.9,3,26.0,7.8,10.6,Merit
1149,23,Male,3,Engineering,4,5,Yes,On-campus,Visual,Good,Afternoon,79.6,73.9,3.95,3,7.5,68.9,78.0,56.1,71.3,70.3,2,11.2,4.8,7.9,Merit
1150,19,Male,1,Engineering,2,1,No,Off-campus,Visual,Fair,Morning,70.3,50.0,2.0,5,0.0,92.4,65.7,58.9,48.6,55.8,4,23.6,5.6,14.4,Pass
1151,23,Female,1,Engineering,1,1,Yes,Family home,Reading-Writing,Poor,Afternoon,67.5,75.2,4.04,1,10.0,54.9,80.8,52.4,79.2,74.3,4,17.6,6.9,6.3,Merit
1152,21,Female,3,Engineering,5,1,No,Family home,Visual,Good,Evening,66.2,65.7,2.54,4,17.4,72.0,60.8,53.3,54.3,56.1,2,0.6,6.2,8.7,Pass
1153,18,Other,1,Business,3,5,Yes,Off-campus,Auditory,Excellent,Afternoon,30.0,66.5,2.43,1,9.9,97.5,71.9,67.2,57.4,63.7,4,18.0,7.5,2.4,Merit
1154,22,Female,4,Science,1,5,No,On-campus,Auditory,Poor,Afternoon,63.9,75.6,1.56,0,1.3,88.6,74.5,80.5,49.9,63.4,2,17.8,6.4,2.5,Merit
1155,19,Male,2,Education,5,5,Yes,Family home,Visual,Excellent,Morning,46.2,48.2,2.43,1,1.7,33.4,47.2,28.2,46.4,43.0,3,19.5,7.7,5.0,Pass
1156,18,Male,3,Engineering,5,3,Yes,Family home,Visual,Good,Morning,75.2,71.0,3.92,10,16.1,82.8,77.2,76.7,88.9,82.9,2,28.0,7.3,3.5,Distinction
1157,19,Female,3,Business,4,5,Yes,On-campus,Auditory,Good,Night,52.5,68.8,4.51,4,11.0,72.1,60.1,76.8,64.3,65.5,3,8.7,9.4,5.2,Merit
1158,25,Male,1,Business,4,3,No,Family home,Visual,Good,Afternoon,53.5,50.0,3.17,1,3.3,70.9,61.2,44.3,31.5,43.0,4,16.1,11.0,13.2,Pass
1159,25,Male,3,Business,4,1,Yes,On-campus,Auditory,Fair,Evening,47.2,71.9,2.86,4,11.5,57.9,63.4,70.4,79.0,72.6,2,15.4,6.4,0.0,Merit
1160,24,Male,4,Science,1,1,No,Family home,Reading-Writing,Fair,Morning,34.6,57.4,2.82,0,0.0,43.0,45.1,60.5,16.4,33.9,5,22.2,9.9,6.6,At-Risk
1161,25,Male,1,Education,1,1,Yes,Family home,Reading-Writing,Poor,Evening,49.8,65.9,4.05,4,10.4,55.4,79.8,59.7,88.5,80.1,3,16.5,8.4,1.3,Distinction
1162,23,Male,1,Science,3,2,Yes,On-campus,Visual,Fair,Night,85.9,76.5,3.65,4,10.9,71.5,76.4,68.6,90.8,82.1,3,19.3,8.4,15.4,Distinction
1163,25,Male,1,Arts,4,2,No,Family home,Visual,Excellent,Afternoon,46.6,60.2,2.12,3,1.6,41.4,51.4,37.5,47.3,46.6,2,5.1,8.0,9.6,Pass
1164,20,Male,1,Business,5,4,No,Off-campus,Visual,Excellent,Morning,55.4,77.8,3.06,3,5.2,100.0,71.9,50.3,75.9,69.6,2,16.3,6.8,4.8,Merit
1165,22,Male,4,Arts,2,4,No,Family home,Visual,Fair,Afternoon,51.7,60.0,3.51,2,8.2,65.2,46.7,67.8,78.3,66.7,4,11.7,3.7,6.4,Merit
1166,23,Other,1,Engineering,3,4,Yes,Off-campus,Auditory,Good,Evening,63.3,87.8,3.74,1,16.1,90.2,65.2,66.1,74.4,70.0,2,27.3,8.3,13.3,Merit
1167,18,Male,3,Engineering,1,2,Yes,Family home,Reading-Writing,Poor,Afternoon,100.0,78.1,3.71,5,9.8,93.0,99.6,79.7,91.4,91.5,3,15.2,9.5,0.0,Distinction
1168,24,Male,4,Science,3,2,Yes,On-campus,Visual,Good,Evening,29.8,49.4,1.0,2,3.9,67.1,56.7,45.4,67.0,59.6,4,19.4,7.4,8.4,Pass
1169,24,Female,2,Education,3,4,No,Off-campus,Visual,Fair,Evening,61.0,6.3,1.59,0,5.0,52.1,37.0,48.5,67.4,54.5,3,17.0,6.3,2.1,Pass
1170,24,Male,2,Arts,3,4,No,On-campus,Visual,Fair,Evening,57.5,42.3,3.05,1,11.1,70.9,44.2,37.1,34.3,37.8,4,20.2,11.3,0.0,At-Risk
1171,18,Female,3,Education,3,5,No,Family home,Reading-Writing,Good,Evening,29.2,67.4,1.0,1,7.3,62.5,58.8,50.4,49.6,52.5,3,11.2,4.9,6.8,Pass
1172,18,Female,3,Science,2,4,Yes,Family home,Visual,Poor,Morning,83.6,27.8,3.91,3,6.9,70.5,67.5,64.4,47.7,57.0,2,7.4,9.4,10.3,Pass
1173,18,Male,4,Engineering,4,5,Yes,Family home,Reading-Writing,Good,Afternoon,69.2,50.8,4.0,4,13.9,65.2,66.2,61.6,71.2,67.7,3,15.5,11.5,3.0,Merit
1174,18,Male,2,Education,5,3,Yes,Family home,Visual,Excellent,Morning,47.6,70.7,3.17,3,10.7,66.9,61.4,59.8,57.2,59.0,3,20.5,6.2,9.1,Pass
1175,24,Female,2,Education,3,2,Yes,On-campus,Reading-Writing,Good,Night,28.1,42.7,3.89,2,7.4,88.8,60.9,74.6,87.0,76.7,5,19.7,9.4,6.1,Distinction
1176,24,Female,2,Engineering,3,4,Yes,Off-campus,Reading-Writing,Fair,Evening,59.7,52.5,3.43,1,0.0,73.6,68.8,59.8,59.2,62.2,2,17.6,4.6,7.3,Merit
1177,19,Male,2,Arts,3,2,Yes,On-campus,Visual,Good,Evening,70.6,100.0,3.63,7,8.7,89.3,90.8,97.8,86.6,90.1,2,31.8,8.3,10.0,Distinction
1178,23,Female,2,Engineering,4,2,No,On-campus,Visual,Excellent,Afternoon,33.7,90.7,1.77,2,2.8,55.5,74.7,59.8,71.5,70.2,2,17.8,9.7,5.8,Merit
1179,22,Male,1,Education,1,2,Yes,On-campus,Auditory,Poor,Morning,63.3,100.0,5.0,9,15.8,100.0,86.5,100.0,100.0,96.0,2,30.0,7.7,1.7,Distinction
1180,25,Other,3,Arts,1,3,Yes,Off-campus,Visual,Poor,Evening,78.6,55.5,4.44,4,10.1,70.3,86.2,76.7,78.1,80.2,3,5.2,8.3,0.0,Distinction
1181,25,Male,1,Arts,2,1,No,Off-campus,Reading-Writing,Poor,Afternoon,7.3,32.7,1.6,2,3.1,59.3,54.1,31.3,38.2,41.6,2,5.2,5.2,11.1,Pass
1182,20,Female,2,Engineering,1,4,No,On-campus,Reading-Writing,Poor,Morning,52.6,50.1,1.34,2,0.0,54.3,52.4,37.2,52.7,49.5,4,6.8,5.1,9.9,Pass
1183,24,Female,4,Education,3,1,Yes,On-campus,Reading-Writing,Fair,Evening,58.1,75.5,3.13,1,15.1,100.0,79.7,66.7,86.6,80.5,3,3.6,8.3,0.6,Distinction
1184,20,Female,4,Science,3,1,Yes,On-campus,Reading-Writing,Good,Morning,64.7,88.5,2.39,2,5.7,63.0,56.9,67.1,53.3,57.2,4,6.1,5.4,10.7,Pass
1185,23,Female,2,Education,3,1,No,Family home,Visual,Fair,Afternoon,56.3,85.3,3.47,1,11.1,72.8,51.9,93.8,50.9,59.8,2,16.7,8.0,2.2,Pass
1186,23,Male,2,Business,2,2,Yes,Off-campus,Visual,Fair,Afternoon,65.6,68.4,4.2,2,8.1,77.5,77.7,61.3,61.6,66.4,5,16.6,4.7,15.2,Merit
1187,20,Male,4,Science,3,5,No,Family home,Reading-Writing,Good,Morning,39.4,53.9,1.17,3,8.6,58.7,67.6,59.6,83.0,73.7,3,18.2,8.7,0.0,Merit
1188,24,Male,1,Arts,1,2,No,Off-campus,Visual,Poor,Night,45.5,92.5,3.84,0,4.7,61.5,51.2,56.9,38.8,46.2,5,9.3,4.7,11.8,Pass
1189,20,Male,1,Science,4,2,No,Off-campus,Reading-Writing,Good,Morning,49.6,46.7,1.92,1,0.7,87.4,53.0,36.6,50.4,48.5,4,9.2,9.2,12.8,Pass
1190,25,Female,2,Arts,4,1,No,Family home,Visual,Good,Morning,53.6,43.3,3.19,0,11.9,69.1,67.9,73.0,45.9,57.9,2,9.8,9.4,7.9,Pass
1191,19,Male,1,Arts,5,2,Yes,On-campus,Visual,Good,Morning,73.2,73.5,3.92,5,4.3,84.2,60.2,56.7,69.1,63.9,2,19.6,5.3,2.8,Merit
1192,25,Male,4,Science,1,1,Yes,On-campus,Kinesthetic,Poor,Evening,40.6,54.0,3.7,1,1.5,61.8,67.8,71.3,71.6,70.4,2,19.2,3.9,7.7,Merit
1193,21,Other,1,Arts,3,5,No,Off-campus,Visual,Good,Afternoon,30.7,5.2,2.43,0,9.4,80.7,27.3,49.3,44.2,40.1,3,19.1,7.8,17.0,Pass
1194,24,Female,2,Arts,4,4,Yes,On-campus,Kinesthetic,Good,Afternoon,47.3,71.3,3.32,0,10.9,100.0,65.8,76.4,71.6,70.9,3,12.3,7.4,0.0,Merit
1195,24,Female,4,Business,1,1,Yes,On-campus,Kinesthetic,Poor,Morning,55.3,96.5,3.42,2,16.3,87.4,65.9,66.5,67.0,66.6,3,17.9,9.2,2.8,Merit
1196,22,Other,1,Education,4,5,No,Off-campus,Reading-Writing,Good,Morning,73.3,22.3,2.05,0,5.6,69.2,59.3,57.4,54.4,56.5,5,16.7,9.3,5.4,Pass
1197,18,Male,3,Education,3,4,Yes,Off-campus,Reading-Writing,Poor,Afternoon,49.5,63.1,1.67,1,12.3,68.3,56.1,59.3,72.4,64.9,3,5.7,7.1,2.1,Merit
1198,21,Male,4,Business,4,3,Yes,On-campus,Auditory,Excellent,Evening,34.7,54.3,2.05,4,0.7,76.6,61.5,51.3,72.5,65.0,1,29.3,8.6,9.5,Merit
1199,23,Female,4,Science,5,1,No,Off-campus,Reading-Writing,Excellent,Evening,54.4,50.7,2.35,0,0.0,43.8,19.1,31.5,33.2,28.6,5,17.5,8.6,14.4,At-Risk
1200,24,Female,3,Engineering,5,1,No,Family home,Visual,Excellent,Morning,85.5,62.8,2.55,1,12.7,57.4,74.9,48.1,76.8,70.5,2,4.8,10.0,12.3,Merit
1201,20,Male,3,Engineering,4,3,Yes,On-campus,Auditory,Fair,Afternoon,37.4,52.0,2.65,3,1.2,54.4,70.8,63.1,64.9,66.3,4,20.4,11.5,9.3,Merit
1202,21,Female,4,Engineering,1,3,Yes,On-campus,Reading-Writing,Poor,Night,100.0,65.5,4.98,4,7.5,89.2,78.9,80.0,77.9,78.6,1,16.5,6.0,8.2,Distinction
1203,22,Male,3,Business,1,1,Yes,Family home,Auditory,Poor,Afternoon,73.8,63.4,4.21,7,12.8,62.0,62.7,73.3,77.2,72.1,3,17.5,5.5,0.0,Merit
1204,23,Male,2,Business,1,3,No,On-campus,Auditory,Poor,Evening,63.9,63.5,2.11,1,2.9,46.0,52.4,41.7,25.2,36.7,3,10.6,8.9,19.6,At-Risk
1205,18,Female,2,Arts,4,2,No,On-campus,Visual,Good,Morning,77.0,69.3,3.07,1,5.2,57.8,70.3,60.8,25.8,46.1,1,17.7,3.7,9.8,Pass
1206,18,Female,2,Engineering,1,4,Yes,Off-campus,Auditory,Fair,Night,79.6,63.1,2.92,4,6.2,91.1,69.3,61.5,81.5,73.9,3,14.3,7.4,11.6,Merit
1207,22,Female,4,Science,3,4,Yes,On-campus,Reading-Writing,Fair,Evening,59.9,90.1,3.35,3,8.9,67.5,77.7,95.8,62.2,73.6,3,14.4,6.4,0.0,Merit
1208,22,Male,3,Science,5,4,Yes,Off-campus,Visual,Good,Night,84.5,65.1,3.61,3,11.9,92.9,62.5,76.8,66.6,67.4,3,20.2,3.2,5.2,Merit
1209,20,Female,3,Engineering,3,2,Yes,Off-campus,Kinesthetic,Fair,Evening,98.6,100.0,4.59,10,15.4,100.0,100.0,100.0,100.0,100.0,2,38.3,5.7,1.2,Distinction
1210,24,Male,1,Engineering,1,3,Yes,On-campus,Reading-Writing,Poor,Afternoon,84.5,73.4,2.74,0,8.2,60.8,56.5,65.9,67.7,64.0,3,10.8,8.5,6.4,Merit
1211,18,Male,1,Engineering,3,5,Yes,Off-campus,Reading-Writing,Fair,Night,90.4,81.3,4.55,5,14.2,100.0,86.5,64.9,75.4,76.6,3,32.7,9.7,0.8,Distinction
1212,23,Female,3,Business,1,3,Yes,Off-campus,Auditory,Poor,Afternoon,42.7,66.0,3.97,3,7.0,77.2,78.0,74.0,90.0,83.2,3,15.3,9.0,11.7,Distinction
1213,21,Female,3,Business,4,1,Yes,On-campus,Reading-Writing,Good,Afternoon,79.4,74.1,1.52,3,10.2,70.3,60.6,43.8,65.8,59.9,3,25.0,10.2,0.2,Pass
1214,23,Female,3,Business,3,4,No,Off-campus,Visual,Good,Evening,48.2,67.1,2.31,1,9.0,62.0,53.2,70.3,71.5,65.8,3,16.6,6.1,8.8,Merit
1215,19,Female,4,Education,4,3,Yes,On-campus,Reading-Writing,Good,Evening,67.4,77.3,2.75,3,12.5,79.1,74.7,37.6,85.1,72.5,2,23.0,11.8,8.9,Merit
1216,19,Female,3,Science,4,5,Yes,Off-campus,Visual,Good,Night,49.8,49.0,2.12,1,9.2,54.5,65.0,48.9,41.3,49.9,4,6.8,6.7,20.0,Pass
1217,22,Female,1,Science,2,1,Yes,On-campus,Reading-Writing,Fair,Morning,56.4,67.9,3.57,1,1.7,54.6,77.0,42.7,58.9,61.1,3,1.7,8.0,6.4,Merit
1218,20,Male,4,Arts,1,2,No,Off-campus,Kinesthetic,Poor,Evening,80.6,62.7,2.77,0,1.4,52.9,57.8,44.3,56.5,54.4,3,12.4,4.2,8.1,Pass
1219,19,Male,3,Business,5,2,Yes,On-campus,Visual,Excellent,Evening,30.5,64.3,1.93,0,6.3,73.1,52.3,54.4,69.9,61.5,3,15.3,8.3,5.5,Merit
1220,18,Male,1,Education,1,5,Yes,Off-campus,Visual,Poor,Morning,43.7,87.6,3.85,4,8.3,95.4,95.2,100.0,100.0,98.5,3,19.9,6.0,2.2,Distinction
1221,23,Male,4,Education,5,1,No,On-campus,Reading-Writing,Excellent,Afternoon,0.0,38.8,2.5,0,0.0,55.5,60.4,18.8,28.3,36.0,3,12.1,6.5,16.5,At-Risk
1222,23,Female,3,Science,1,4,Yes,Off-campus,Visual,Poor,Afternoon,83.2,46.4,3.17,3,0.0,79.0,57.0,81.3,62.8,64.8,4,18.1,9.5,11.4,Merit
1223,22,Female,3,Business,4,3,No,Off-campus,Reading-Writing,Excellent,Afternoon,23.4,32.7,1.68,3,7.9,51.8,36.1,49.7,37.4,39.5,2,1.3,5.6,16.6,At-Risk
1224,24,Male,3,Arts,3,1,Yes,Off-campus,Visual,Excellent,Night,52.9,15.8,3.03,0,0.4,73.2,65.4,24.9,49.1,49.2,2,16.7,6.8,6.9,Pass
1225,24,Male,4,Business,3,2,Yes,Off-campus,Visual,Fair,Evening,63.6,51.2,4.84,2,16.0,100.0,79.6,69.0,51.7,63.5,3,24.7,6.9,8.8,Merit
1226,21,Female,1,Engineering,2,5,No,Off-campus,Kinesthetic,Poor,Evening,37.9,33.6,3.4,1,8.2,92.7,60.3,78.8,65.1,66.4,5,10.3,8.7,8.3,Merit
1227,22,Male,1,Business,5,5,No,Family home,Reading-Writing,Excellent,Night,61.3,59.5,3.5,1,3.1,77.2,54.3,28.1,33.3,38.5,3,18.2,8.7,15.0,At-Risk
1228,25,Female,2,Engineering,5,3,No,Family home,Reading-Writing,Excellent,Afternoon,45.3,49.5,2.18,2,8.3,74.5,66.2,63.6,42.5,53.9,4,27.1,8.3,14.2,Pass
1229,21,Female,3,Engineering,5,5,Yes,On-campus,Visual,Excellent,Evening,59.0,55.3,3.33,4,11.7,100.0,72.2,70.0,72.3,71.8,2,10.8,9.9,14.1,Merit
1230,25,Female,2,Arts,4,5,No,Off-campus,Reading-Writing,Good,Afternoon,52.4,56.4,2.61,2,1.4,67.8,54.4,48.3,31.3,41.6,2,10.1,5.2,8.4,Pass
1231,24,Female,2,Science,5,1,Yes,Family home,Auditory,Excellent,Evening,71.6,78.1,3.2,4,8.6,77.5,73.5,64.1,65.3,67.5,4,18.4,6.3,4.6,Merit
1232,22,Female,1,Business,3,4,Yes,Family home,Reading-Writing,Good,Morning,36.3,68.3,3.38,2,4.2,100.0,62.8,64.8,57.7,60.6,3,31.2,4.9,10.1,Merit
1233,25,Male,4,Engineering,4,3,No,Family home,Reading-Writing,Excellent,Night,65.9,47.4,1.94,4,8.7,21.3,68.6,38.8,39.5,48.1,4,6.6,11.9,15.9,Pass
1234,22,Female,4,Business,1,1,Yes,On-campus,Auditory,Poor,Morning,100.0,99.6,4.59,5,8.6,92.5,100.0,89.0,99.1,97.3,3,19.1,7.3,1.9,Distinction
1235,22,Female,1,Science,5,4,No,On-campus,Auditory,Excellent,Afternoon,34.8,87.0,2.01,3,9.5,96.4,63.7,74.0,54.5,61.1,1,11.5,7.4,12.3,Merit
1236,24,Male,4,Science,5,1,No,Off-campus,Visual,Excellent,Evening,40.3,22.6,1.0,1,1.4,60.4,28.2,31.7,24.3,27.0,2,13.4,11.6,17.5,At-Risk
1237,21,Female,2,Education,1,1,Yes,Off-campus,Reading-Writing,Poor,Afternoon,50.8,63.2,4.8,3,6.0,100.0,71.0,67.0,68.1,68.7,3,11.0,9.0,6.4,Merit
1238,21,Female,3,Science,5,5,No,Off-campus,Visual,Excellent,Evening,62.4,46.2,2.26,0,12.7,63.7,44.2,41.4,51.1,47.1,2,5.7,6.9,12.8,Pass
1239,22,Female,1,Arts,1,4,Yes,Off-campus,Reading-Writing,Poor,Afternoon,39.2,48.6,4.01,3,6.6,73.8,62.2,80.4,83.2,76.4,2,20.9,8.3,3.3,Distinction
1240,19,Female,3,Engineering,4,3,No,Family home,Visual,Excellent,Evening,79.7,61.9,3.96,2,10.5,55.5,35.0,49.6,57.4,49.1,5,13.2,8.0,11.6,Pass
1241,20,Female,4,Education,3,3,Yes,Off-campus,Reading-Writing,Fair,Morning,21.7,89.1,1.09,0,8.1,73.4,59.8,39.3,57.1,54.4,2,21.9,5.8,3.0,Pass
1242,24,Female,3,Arts,1,4,Yes,Family home,Reading-Writing,Poor,Morning,55.2,54.5,4.15,4,12.2,100.0,70.7,61.2,80.0,73.5,4,18.2,5.7,6.1,Merit
1243,20,Female,4,Business,2,5,Yes,Off-campus,Visual,Good,Afternoon,72.3,87.4,3.95,4,9.2,100.0,70.2,62.2,74.7,70.9,3,21.1,10.1,10.4,Merit
1244,20,Female,4,Engineering,1,2,No,Off-campus,Visual,Poor,Afternoon,29.3,29.4,3.71,2,4.2,54.8,64.5,31.1,31.4,41.3,3,8.3,5.4,15.4,Pass
1245,21,Female,2,Science,5,1,No,Off-campus,Visual,Excellent,Morning,34.8,57.0,1.89,0,6.8,69.8,74.1,49.3,50.1,57.1,1,4.2,5.9,12.1,Pass
1246,21,Female,4,Engineering,4,5,Yes,Family home,Reading-Writing,Good,Afternoon,54.7,75.5,3.92,3,0.0,55.1,78.6,60.2,54.1,62.7,3,11.2,6.4,10.9,Merit
1247,19,Female,2,Business,4,4,No,On-campus,Reading-Writing,Good,Afternoon,52.0,46.4,2.08,1,1.7,54.6,57.6,42.7,59.1,55.4,5,12.2,4.6,10.8,Pass
1248,20,Male,2,Education,1,1,Yes,On-campus,Visual,Poor,Morning,74.8,90.3,4.73,7,12.6,100.0,98.0,89.2,91.8,93.1,2,20.7,8.7,0.0,Distinction
1249,20,Female,2,Education,3,3,Yes,Family home,Reading-Writing,Fair,Afternoon,76.2,39.1,3.17,7,9.8,98.9,72.9,66.8,60.6,65.5,3,6.1,5.3,5.8,Merit
1250,22,Female,1,Education,2,2,No,On-campus,Visual,Fair,Evening,36.5,35.1,2.99,2,0.0,44.4,52.0,31.7,51.7,47.8,2,0.8,13.0,12.7,Pass
1251,21,Male,1,Science,4,3,Yes,Off-campus,Auditory,Excellent,Morning,70.6,45.2,3.5,4,11.6,84.7,71.3,69.6,62.2,66.4,2,19.3,9.1,0.0,Merit
1252,20,Female,4,Arts,5,4,Yes,Off-campus,Kinesthetic,Good,Afternoon,66.1,98.3,2.59,9,16.4,91.8,67.8,100.0,91.5,86.1,3,32.1,6.9,0.0,Distinction
1253,23,Male,2,Arts,5,1,Yes,Off-campus,Visual,Excellent,Evening,48.3,88.0,1.02,4,11.0,95.3,83.8,77.3,87.5,84.3,3,31.9,3.8,10.5,Distinction
1254,19,Male,1,Engineering,3,4,No,Off-campus,Auditory,Good,Afternoon,34.1,33.9,2.41,0,6.4,45.9,58.3,43.8,50.3,51.4,4,6.1,6.9,12.8,Pass
1255,25,Female,2,Science,4,1,No,On-campus,Visual,Good,Evening,42.2,61.0,2.55,1,8.9,35.3,43.9,68.0,56.1,54.8,1,7.6,7.3,10.5,Pass
1256,23,Male,3,Education,1,5,Yes,Off-campus,Visual,Poor,Afternoon,58.7,74.1,3.95,5,8.7,100.0,80.1,84.2,85.3,83.5,2,18.7,4.8,7.0,Distinction
1257,23,Female,3,Education,5,2,Yes,Off-campus,Visual,Excellent,Afternoon,71.2,60.5,2.44,2,3.8,57.0,66.4,26.3,44.4,47.4,2,4.1,5.2,5.2,Pass
1258,25,Female,3,Business,3,5,Yes,Off-campus,Visual,Good,Morning,54.4,68.6,4.84,1,13.5,72.3,66.7,69.9,73.5,70.7,3,22.7,8.8,4.7,Merit
1259,24,Female,4,Business,4,5,Yes,On-campus,Reading-Writing,Excellent,Evening,51.5,45.8,3.57,2,12.2,85.8,86.2,64.2,75.2,76.3,3,33.8,5.0,13.2,Distinction
1260,24,Male,2,Education,4,4,No,Off-campus,Auditory,Good,Evening,46.3,60.2,2.18,0,0.0,64.2,52.5,67.8,35.8,47.2,4,5.5,9.1,8.3,Pass
1261,19,Male,3,Education,4,2,No,On-campus,Auditory,Excellent,Morning,58.5,57.3,3.24,3,8.7,76.1,59.0,63.9,55.8,58.4,3,6.4,9.9,6.8,Pass
1262,23,Female,1,Science,4,1,No,Off-campus,Visual,Good,Afternoon,0.0,0.0,1.04,0,0.0,6.7,38.6,4.2,0.0,12.4,5,5.8,10.4,14.4,At-Risk
1263,20,Other,3,Arts,4,1,No,Off-campus,Visual,Excellent,Night,38.8,38.1,2.56,1,1.1,66.1,43.4,51.4,41.7,44.1,3,12.1,8.9,7.4,Pass
1264,21,Female,3,Business,5,3,No,On-campus,Reading-Writing,Excellent,Afternoon,47.7,31.7,1.9,0,4.6,38.3,54.7,57.3,57.1,56.4,2,16.1,8.9,14.3,Pass
1265,19,Male,3,Arts,3,1,No,Family home,Kinesthetic,Fair,Afternoon,39.1,22.5,2.37,3,2.9,66.6,41.1,20.7,53.9,43.4,5,19.9,2.1,0.0,Pass
1266,22,Female,4,Science,4,4,Yes,On-campus,Visual,Good,Night,87.8,90.6,3.43,3,14.4,100.0,73.2,94.8,83.4,82.6,3,13.6,8.3,0.8,Distinction
1267,25,Female,1,Education,2,5,No,Family home,Reading-Writing,Fair,Evening,43.4,41.9,1.39,2,0.6,32.3,49.4,33.7,32.4,37.8,3,0.0,6.8,13.4,At-Risk
1268,23,Female,2,Arts,2,5,No,Family home,Auditory,Poor,Afternoon,75.2,58.0,4.36,2,2.2,69.6,54.6,70.4,64.7,62.8,4,11.7,7.0,17.8,Merit
1269,19,Male,1,Education,3,5,No,Off-campus,Auditory,Good,Evening,56.1,62.0,2.2,4,6.4,87.4,71.5,60.5,80.4,73.7,4,16.1,10.5,1.9,Merit
1270,18,Female,2,Education,1,2,Yes,On-campus,Auditory,Poor,Evening,100.0,75.2,3.73,3,13.5,80.6,64.9,98.9,90.7,84.6,3,19.7,9.5,0.0,Distinction
1271,18,Female,4,Engineering,1,1,No,Off-campus,Visual,Poor,Afternoon,31.4,37.6,1.64,0,0.0,62.9,36.5,43.6,31.6,35.5,3,25.0,5.1,8.0,At-Risk
1272,24,Other,4,Arts,1,4,Yes,Off-campus,Visual,Poor,Afternoon,51.2,70.9,3.82,4,7.3,42.2,79.5,89.1,76.2,79.8,2,18.6,6.4,8.0,Distinction
1273,25,Male,4,Arts,2,2,Yes,Off-campus,Reading-Writing,Poor,Afternoon,66.0,35.8,1.99,1,11.2,86.6,79.8,54.3,41.8,55.7,3,11.2,6.5,8.6,Pass
1274,21,Female,4,Education,1,3,No,On-campus,Visual,Poor,Night,74.5,37.7,3.18,1,4.1,58.7,57.0,49.5,33.1,43.5,3,11.0,3.3,3.7,Pass
1275,20,Female,2,Science,5,4,No,Off-campus,Kinesthetic,Excellent,Evening,32.0,80.3,4.86,5,14.5,71.7,64.7,46.2,69.3,63.3,4,24.1,9.8,7.1,Merit
1276,21,Male,3,Engineering,4,4,Yes,Family home,Auditory,Good,Morning,53.1,86.8,2.43,0,0.5,87.1,52.5,61.5,61.8,58.9,3,10.9,7.3,15.2,Pass
1277,21,Female,2,Education,2,4,Yes,Family home,Visual,Fair,Evening,36.8,60.8,3.67,0,0.0,88.7,51.3,33.2,55.4,49.7,2,11.0,7.0,11.1,Pass
1278,21,Female,1,Business,3,5,Yes,On-campus,Reading-Writing,Poor,Afternoon,60.6,88.2,2.73,1,7.3,78.1,65.4,47.3,59.3,58.7,5,22.3,6.4,8.6,Pass
1279,25,Male,4,Business,3,4,Yes,Off-campus,Visual,Poor,Morning,51.3,55.5,4.01,1,10.0,89.5,36.8,43.5,45.8,42.6,3,20.5,8.8,10.3,Pass
1280,21,Male,4,Engineering,4,1,Yes,On-campus,Auditory,Poor,Afternoon,85.0,91.8,4.81,2,0.8,48.1,54.2,69.6,65.5,62.9,4,17.1,4.2,9.7,Merit
1281,22,Female,1,Science,2,4,Yes,On-campus,Reading-Writing,Fair,Afternoon,61.5,100.0,3.14,4,6.9,87.9,65.6,68.2,97.0,81.8,3,35.2,8.2,0.0,Distinction
1282,25,Male,2,Education,1,5,Yes,Family home,Kinesthetic,Poor,Evening,98.4,57.8,2.58,4,11.4,87.1,81.5,84.2,85.4,84.0,3,36.8,4.2,2.1,Distinction
1283,22,Female,3,Arts,1,4,No,Off-campus,Reading-Writing,Poor,Morning,36.3,44.8,3.14,1,0.0,43.3,49.6,39.3,39.1,42.3,3,0.0,5.6,10.8,Pass
1284,25,Male,3,Engineering,5,3,Yes,On-campus,Reading-Writing,Good,Evening,96.9,97.3,4.25,6,16.5,66.7,84.5,100.0,100.0,95.3,1,13.8,7.6,0.0,Distinction
1285,24,Female,1,Science,5,3,No,On-campus,Reading-Writing,Excellent,Afternoon,42.1,28.4,2.43,0,0.0,55.8,46.6,30.8,19.1,29.7,3,10.8,6.4,17.3,At-Risk
1286,19,Male,3,Arts,1,5,Yes,Family home,Kinesthetic,Poor,Morning,88.1,65.1,2.65,3,6.5,81.3,64.4,60.7,70.0,66.5,3,23.8,10.4,5.3,Merit
1287,18,Female,2,Business,3,1,No,Family home,Visual,Fair,Night,31.3,69.4,2.59,3,4.3,97.2,68.4,62.0,54.8,60.3,1,16.4,4.2,4.4,Merit
1288,21,Other,2,Business,3,1,No,Off-campus,Visual,Poor,Afternoon,34.5,53.2,4.07,5,4.1,91.0,74.8,78.0,61.0,68.5,3,12.9,5.8,0.9,Merit
1289,24,Other,1,Arts,5,2,No,Family home,Visual,Excellent,Afternoon,85.4,50.3,2.94,5,8.7,51.0,63.1,65.4,45.7,54.9,4,6.1,7.4,11.8,Pass
1290,19,Female,2,Engineering,4,5,No,On-campus,Visual,Excellent,Afternoon,40.3,78.9,1.74,3,9.2,86.9,48.0,56.4,57.8,54.6,4,5.8,7.0,13.3,Pass
1291,18,Male,4,Business,1,4,No,Off-campus,Reading-Writing,Poor,Evening,36.7,55.3,3.3,2,3.5,85.0,58.8,45.6,31.4,42.5,4,20.5,4.0,7.7,Pass
1292,23,Female,1,Education,5,5,No,Off-campus,Reading-Writing,Excellent,Afternoon,31.6,60.6,3.09,2,10.1,59.0,66.8,31.8,62.9,57.9,4,9.4,4.4,13.8,Pass
1293,20,Male,2,Arts,5,2,Yes,On-campus,Auditory,Excellent,Morning,88.5,72.6,3.16,2,3.7,80.6,85.8,62.3,79.4,77.9,4,21.4,8.3,4.7,Distinction
1294,22,Male,1,Arts,1,5,Yes,Off-campus,Visual,Poor,Morning,33.5,72.1,4.47,3,6.9,60.3,73.0,39.4,77.7,68.6,4,4.0,5.8,0.0,Merit
1295,23,Male,3,Business,1,5,No,Family home,Reading-Writing,Fair,Afternoon,48.5,31.5,2.16,0,1.3,83.9,54.4,38.7,63.7,55.9,3,18.6,5.8,9.8,Pass
1296,25,Female,2,Engineering,3,2,Yes,On-campus,Visual,Poor,Evening,60.7,70.0,3.31,4,11.4,58.1,80.0,77.8,68.8,74.0,3,23.6,8.3,4.4,Merit
1297,18,Female,4,Education,4,1,Yes,On-campus,Reading-Writing,Good,Afternoon,80.8,67.1,3.77,1,11.7,81.7,76.8,64.0,40.6,56.1,3,7.1,6.7,7.6,Pass
1298,23,Female,2,Engineering,4,4,Yes,On-campus,Auditory,Good,Morning,53.9,57.0,3.47,3,13.3,70.8,75.9,100.0,86.1,85.8,2,20.9,4.8,6.8,Distinction
1299,20,Male,1,Science,1,2,Yes,On-campus,Visual,Fair,Morning,71.6,61.0,2.21,0,15.0,60.9,74.8,65.0,68.5,69.7,4,18.2,7.6,2.7,Merit
1300,24,Male,1,Science,2,3,No,Family home,Visual,Fair,Afternoon,23.3,52.3,2.73,0,8.5,31.9,52.6,42.2,33.7,41.1,4,7.7,10.5,17.8,Pass
1301,18,Other,2,Business,5,1,No,Off-campus,Visual,Good,Night,94.9,53.5,2.39,2,5.7,60.0,44.9,64.4,55.7,54.2,3,0.0,5.2,9.3,Pass
1302,23,Male,4,Business,5,3,Yes,Off-campus,Reading-Writing,Excellent,Afternoon,57.7,83.3,4.06,2,10.2,60.0,72.2,48.1,98.1,80.3,4,14.1,7.1,4.8,Distinction
1303,22,Male,4,Business,1,1,Yes,Off-campus,Kinesthetic,Poor,Night,61.3,60.1,3.43,5,9.2,78.2,65.6,51.4,69.9,64.9,3,20.2,9.0,9.9,Merit
1304,22,Male,4,Science,2,4,Yes,On-campus,Reading-Writing,Poor,Afternoon,89.9,64.6,3.07,1,5.5,96.3,58.0,67.7,69.1,65.5,2,11.1,5.8,8.2,Merit
1305,19,Female,1,Engineering,3,4,No,Off-campus,Visual,Good,Morning,44.4,51.7,2.22,3,11.2,74.4,80.7,59.4,52.2,62.2,3,14.0,3.4,20.0,Merit
1306,23,Female,2,Engineering,1,5,Yes,Off-campus,Auditory,Poor,Evening,100.0,89.8,3.45,3,0.0,100.0,89.8,77.1,66.1,75.4,2,31.9,6.0,3.1,Distinction
1307,21,Male,3,Business,1,3,No,Off-campus,Reading-Writing,Poor,Afternoon,40.9,69.0,3.48,2,10.7,48.2,41.0,39.9,58.5,49.5,4,11.5,9.5,11.5,Pass
1308,23,Male,1,Education,5,1,Yes,Family home,Reading-Writing,Excellent,Evening,73.9,75.5,2.65,1,9.9,57.4,60.7,71.1,75.3,70.1,2,3.1,5.0,2.6,Merit
1309,24,Female,4,Engineering,1,4,No,Family home,Visual,Poor,Night,41.5,72.9,2.87,1,0.0,52.2,58.9,47.3,51.7,53.0,3,12.7,5.5,13.0,Pass
1310,18,Female,2,Science,1,2,Yes,Off-campus,Visual,Poor,Morning,25.7,57.2,2.14,0,0.7,66.4,56.0,57.6,73.1,64.9,4,14.6,11.3,10.2,Merit
1311,18,Male,4,Arts,1,4,Yes,Family home,Reading-Writing,Poor,Morning,74.3,88.6,2.6,5,0.0,100.0,81.4,62.6,62.1,68.0,2,14.7,9.0,3.0,Merit
1312,24,Female,3,Arts,5,2,Yes,On-campus,Visual,Excellent,Evening,78.1,77.5,3.34,4,6.1,55.0,62.5,70.2,62.6,64.1,3,24.3,5.7,1.2,Merit
1313,23,Male,4,Arts,3,1,Yes,On-campus,Visual,Good,Afternoon,38.8,60.8,3.55,1,9.9,89.1,84.3,96.5,69.2,79.2,2,8.8,10.2,0.0,Distinction
1314,24,Male,4,Education,3,4,Yes,On-campus,Visual,Fair,Morning,63.9,87.3,5.0,4,16.5,75.2,80.2,74.5,79.9,78.9,3,20.6,7.0,6.2,Distinction
1315,20,Female,3,Business,1,4,No,Off-campus,Auditory,Poor,Morning,79.2,45.4,2.65,1,6.7,66.9,61.8,58.7,75.0,67.8,4,4.8,8.3,1.0,Merit
1316,25,Male,2,Science,5,1,Yes,Off-campus,Reading-Writing,Good,Morning,73.8,100.0,3.3,4,11.0,59.3,73.0,67.8,72.8,71.9,3,16.3,7.6,12.5,Merit
1317,24,Female,1,Education,3,4,No,Off-campus,Kinesthetic,Poor,Evening,44.0,50.3,1.84,3,0.0,79.5,57.1,57.4,52.5,54.9,3,18.4,12.7,2.6,Pass
1318,22,Male,2,Science,3,2,Yes,Family home,Auditory,Good,Morning,46.3,74.5,3.65,0,5.7,73.2,48.6,70.5,53.1,55.2,3,15.5,8.0,6.1,Pass
1319,24,Male,3,Science,3,4,Yes,Off-campus,Auditory,Good,Afternoon,92.7,57.9,3.25,3,4.6,84.8,63.6,61.1,68.5,65.6,3,12.8,5.0,4.0,Merit
1320,18,Other,4,Business,5,3,Yes,Off-campus,Visual,Excellent,Evening,27.0,43.0,4.24,1,5.5,73.8,63.0,64.8,50.4,57.0,4,15.7,8.9,7.9,Pass
1321,22,Male,2,Arts,5,5,Yes,On-campus,Auditory,Excellent,Afternoon,61.8,44.4,4.19,3,8.4,48.2,62.6,66.8,58.0,61.1,4,18.5,7.2,6.3,Merit
1322,18,Female,1,Business,1,2,No,On-campus,Visual,Poor,Morning,19.5,63.0,2.87,1,1.4,76.6,66.2,48.9,41.3,50.3,2,15.8,7.4,12.7,Pass
1323,19,Male,3,Education,4,3,Yes,Off-campus,Reading-Writing,Excellent,Evening,100.0,100.0,3.67,8,12.9,64.9,96.8,88.8,99.3,96.5,4,30.4,1.8,0.0,Distinction
1324,21,Male,2,Education,3,1,No,Off-campus,Visual,Excellent,Morning,44.8,33.9,2.66,0,2.3,29.9,77.3,23.2,34.7,45.2,3,19.9,8.7,7.2,Pass
1325,18,Male,1,Education,4,2,No,Family home,Visual,Good,Evening,46.4,16.9,2.3,1,4.9,41.7,58.8,73.4,45.2,54.9,5,10.1,8.2,16.5,Pass
1326,22,Female,3,Business,5,5,Yes,On-campus,Visual,Excellent,Evening,100.0,76.5,4.34,2,10.2,70.3,72.5,86.1,78.0,78.0,2,9.2,8.1,7.8,Distinction
1327,19,Male,1,Science,5,5,Yes,On-campus,Visual,Excellent,Afternoon,53.0,61.8,4.06,1,4.0,100.0,65.4,60.1,84.8,74.0,3,25.0,5.1,0.0,Merit
1328,18,Female,3,Science,5,1,Yes,Off-campus,Visual,Excellent,Afternoon,96.2,59.6,3.07,3,10.0,74.9,67.5,72.1,76.3,72.8,4,27.6,11.7,8.0,Merit
1329,20,Male,4,Engineering,4,1,Yes,On-campus,Visual,Excellent,Afternoon,55.5,82.6,2.14,3,9.4,96.3,65.9,53.3,89.2,75.0,2,35.4,8.1,1.0,Distinction
1330,24,Other,2,Education,5,2,Yes,On-campus,Kinesthetic,Excellent,Afternoon,52.2,63.1,4.06,0,1.6,61.3,65.9,53.9,55.4,58.2,3,25.1,8.4,5.1,Pass
1331,21,Male,1,Science,1,4,Yes,Family home,Auditory,Poor,Evening,98.8,34.1,3.02,2,0.0,64.0,38.8,28.8,52.3,43.5,5,7.1,10.6,9.6,Pass
1332,18,Female,3,Engineering,5,1,Yes,On-campus,Auditory,Excellent,Evening,54.5,74.0,2.78,0,10.6,78.0,72.4,60.5,43.5,55.6,3,16.7,10.2,15.6,Pass
1333,19,Female,1,Science,2,4,Yes,Off-campus,Reading-Writing,Poor,Afternoon,20.7,59.8,3.1,1,0.0,72.3,57.8,30.9,76.7,61.9,3,9.7,5.3,4.8,Merit
1334,20,Female,1,Education,4,3,Yes,On-campus,Kinesthetic,Good,Evening,72.4,73.6,3.55,5,6.0,74.7,82.0,79.3,85.5,83.2,2,17.0,9.6,0.0,Distinction
1335,23,Female,2,Arts,2,5,No,On-campus,Auditory,Poor,Night,52.1,63.9,3.98,5,3.3,62.6,51.8,66.0,54.4,55.9,5,13.5,12.5,10.7,Pass
1336,19,Female,4,Education,5,4,No,Off-campus,Reading-Writing,Good,Night,54.1,55.4,1.04,0,8.0,55.6,57.6,37.7,42.5,46.1,3,19.9,9.8,10.3,Pass
1337,24,Female,1,Business,1,5,No,Family home,Visual,Poor,Afternoon,49.1,61.6,2.52,0,11.3,41.4,74.1,57.1,51.7,59.5,4,2.3,5.0,15.0,Pass
1338,19,Male,3,Science,3,4,No,Off-campus,Visual,Fair,Afternoon,100.0,66.8,4.49,5,10.4,73.7,61.4,55.6,85.8,72.4,2,10.0,9.8,5.0,Merit
1339,20,Male,3,Science,5,3,Yes,Family home,Auditory,Excellent,Afternoon,60.5,73.0,3.17,2,10.6,57.5,49.4,57.7,58.8,55.8,4,20.7,9.0,15.7,Pass
1340,19,Female,4,Business,1,1,No,On-campus,Reading-Writing,Poor,Night,27.3,60.4,4.01,0,3.9,68.8,62.3,39.4,40.8,46.9,4,21.1,6.4,10.5,Pass
1341,20,Female,3,Business,4,3,Yes,Family home,Reading-Writing,Good,Morning,59.9,56.9,2.14,1,6.0,74.3,58.2,73.1,52.0,58.1,3,11.6,9.1,9.9,Pass
1342,18,Female,4,Arts,2,1,Yes,On-campus,Visual,Fair,Afternoon,43.5,61.0,3.98,1,9.8,93.0,65.6,41.9,76.4,66.3,2,27.8,5.6,15.4,Merit
1343,25,Female,3,Science,2,1,No,Off-campus,Visual,Poor,Afternoon,45.0,44.0,3.56,1,3.1,65.0,73.7,40.3,59.3,59.8,2,19.3,8.0,8.7,Pass
1344,20,Male,2,Science,2,5,No,Off-campus,Reading-Writing,Poor,Afternoon,32.1,62.4,1.42,2,5.1,55.9,50.6,39.6,58.6,52.4,2,10.8,8.3,14.6,Pass
1345,20,Male,1,Arts,4,3,Yes,Family home,Visual,Fair,Afternoon,99.5,54.1,2.88,1,3.4,73.7,83.2,65.9,63.3,69.8,4,0.0,9.3,4.2,Merit
1346,21,Female,2,Engineering,1,4,No,Off-campus,Auditory,Poor,Night,26.7,31.9,2.19,0,2.5,63.5,44.3,44.9,30.9,37.7,4,0.0,6.8,13.5,At-Risk
1347,20,Male,1,Arts,4,3,No,On-campus,Reading-Writing,Good,Morning,56.7,58.8,1.0,1,3.3,26.5,36.9,42.3,51.5,45.3,2,3.4,8.8,5.0,Pass
1348,20,Male,1,Education,2,5,No,On-campus,Reading-Writing,Poor,Afternoon,43.3,56.1,2.42,0,3.8,50.6,62.4,43.1,64.9,59.8,3,16.7,7.3,7.6,Pass
1349,23,Female,1,Science,5,1,Yes,Family home,Reading-Writing,Excellent,Morning,29.7,74.8,3.59,1,7.0,57.0,63.5,23.3,62.6,55.0,3,19.3,5.2,3.4,Pass
1350,25,Male,2,Business,3,5,No,Off-campus,Reading-Writing,Fair,Morning,62.1,76.6,2.84,0,6.3,79.9,68.9,65.1,75.3,71.3,1,13.3,5.5,13.2,Merit
1351,18,Female,1,Education,4,2,No,Off-campus,Auditory,Good,Afternoon,77.8,64.5,3.93,4,14.4,95.6,75.0,91.6,88.9,85.3,2,20.8,10.3,12.3,Distinction
1352,24,Male,2,Science,4,2,Yes,On-campus,Reading-Writing,Fair,Afternoon,76.7,75.3,3.63,0,7.4,81.8,76.3,100.0,61.7,73.8,3,19.1,6.4,3.7,Merit
1353,21,Female,4,Arts,1,4,Yes,Off-campus,Reading-Writing,Poor,Afternoon,1.0,72.5,2.91,3,0.0,30.9,42.4,52.5,47.3,46.9,3,12.7,8.4,4.6,Pass
1354,23,Male,3,Education,1,5,No,On-campus,Visual,Poor,Afternoon,32.1,45.4,2.43,0,0.0,45.0,67.0,51.7,71.1,66.0,3,16.1,8.1,1.5,Merit
1355,22,Male,3,Science,4,4,No,Family home,Visual,Good,Morning,64.1,51.3,3.03,0,5.7,54.4,65.9,48.8,54.7,56.9,4,9.8,9.6,12.3,Pass
1356,25,Male,1,Engineering,2,4,No,Off-campus,Visual,Poor,Afternoon,36.3,59.1,1.72,1,3.2,62.3,47.1,56.6,70.2,60.6,3,3.2,9.6,5.0,Merit
1357,18,Male,2,Engineering,3,2,Yes,Family home,Auditory,Good,Night,56.2,29.3,2.86,4,0.2,66.6,57.5,71.0,58.3,60.6,4,12.1,9.2,6.1,Merit
1358,18,Male,3,Business,1,4,Yes,On-campus,Reading-Writing,Poor,Night,35.1,70.6,4.27,4,6.4,66.8,60.1,55.1,76.7,67.4,4,16.5,8.1,15.2,Merit
1359,22,Male,2,Science,2,2,No,Off-campus,Reading-Writing,Fair,Afternoon,61.4,35.0,2.23,0,3.6,83.0,40.0,44.6,44.5,43.2,2,17.8,9.1,9.0,Pass
1360,24,Female,2,Engineering,5,1,Yes,Off-campus,Visual,Excellent,Afternoon,78.8,50.3,2.68,1,7.6,41.8,50.7,78.3,75.6,68.7,2,11.8,5.6,9.4,Merit
1361,20,Male,1,Arts,1,5,Yes,On-campus,Visual,Poor,Night,87.0,87.1,4.35,4,10.6,92.9,71.6,86.7,85.5,81.6,5,24.1,6.2,3.7,Distinction
1362,23,Female,3,Science,2,4,No,Family home,Kinesthetic,Poor,Morning,74.6,29.4,3.08,5,9.9,81.1,61.3,72.3,47.5,56.6,3,18.4,6.4,1.6,Pass
1363,19,Female,1,Arts,2,2,No,Family home,Visual,Fair,Evening,90.3,55.9,3.8,1,12.8,85.3,81.3,60.8,75.9,74.5,3,16.0,6.0,0.0,Merit
1364,21,Female,1,Arts,3,3,No,Family home,Auditory,Fair,Night,38.4,100.0,3.38,2,9.1,90.1,58.1,85.5,85.2,77.1,3,6.2,9.6,8.4,Distinction
1365,19,Male,3,Engineering,3,4,No,Family home,Auditory,Fair,Morning,35.2,63.7,1.0,4,5.0,79.2,63.1,34.0,77.5,64.5,4,20.1,6.3,17.7,Merit
1366,22,Female,3,Science,5,1,No,On-campus,Auditory,Excellent,Morning,77.2,54.1,4.06,3,9.3,63.6,69.9,43.9,66.7,63.1,2,21.4,6.1,8.9,Merit
1367,18,Male,4,Education,2,1,Yes,On-campus,Visual,Fair,Night,79.7,85.3,4.66,4,7.8,53.6,81.9,75.5,49.7,64.5,4,16.7,5.3,11.1,Merit
1368,24,Male,4,Engineering,2,3,No,Family home,Visual,Poor,Afternoon,42.5,46.6,4.08,1,4.2,40.7,71.9,61.6,58.5,63.1,3,15.8,5.0,3.2,Merit
1369,18,Other,2,Engineering,3,2,Yes,On-campus,Visual,Fair,Morning,34.4,44.1,1.0,1,4.9,55.3,62.0,59.5,44.7,52.9,2,0.0,6.5,15.4,Pass
1370,21,Male,3,Science,1,4,No,Off-campus,Auditory,Poor,Afternoon,42.2,43.1,3.37,4,0.0,58.6,72.3,61.6,61.9,65.0,3,20.5,7.2,12.9,Merit
1371,18,Female,4,Science,1,2,Yes,Off-campus,Auditory,Poor,Afternoon,27.9,71.3,2.88,3,6.8,93.4,61.7,67.4,73.7,68.8,3,27.9,4.1,3.0,Merit
1372,18,Female,2,Arts,4,1,Yes,Off-campus,Visual,Excellent,Evening,44.1,100.0,2.86,6,14.3,83.1,76.7,65.8,89.8,81.0,2,14.5,12.7,6.4,Distinction
1373,21,Female,2,Science,3,2,Yes,Family home,Reading-Writing,Poor,Evening,39.6,59.4,3.58,4,5.9,66.1,87.7,74.1,85.0,83.6,4,29.2,9.0,0.0,Distinction
1374,23,Female,2,Arts,4,1,Yes,On-campus,Reading-Writing,Good,Night,72.6,65.4,3.96,4,14.1,78.0,70.3,100.0,100.0,91.1,2,33.7,4.7,5.2,Distinction
1375,23,Male,4,Engineering,3,2,Yes,Off-campus,Visual,Fair,Afternoon,52.7,64.9,3.02,1,0.0,90.6,49.0,49.2,23.9,36.5,3,3.2,10.2,7.4,At-Risk
1376,21,Male,3,Business,5,3,Yes,On-campus,Auditory,Excellent,Afternoon,74.4,100.0,3.48,5,5.6,80.1,62.2,81.3,78.0,73.9,3,16.6,5.7,0.0,Merit
1377,24,Female,1,Education,2,5,No,Off-campus,Reading-Writing,Poor,Afternoon,46.7,32.8,2.2,3,6.4,60.5,69.5,70.6,64.2,67.1,3,6.1,10.9,9.5,Merit
1378,22,Male,2,Engineering,5,3,Yes,On-campus,Visual,Excellent,Afternoon,69.2,100.0,3.63,5,11.7,98.1,87.1,80.7,100.0,92.3,3,25.5,11.8,0.0,Distinction
1379,25,Male,4,Science,3,3,No,Off-campus,Visual,Fair,Morning,49.4,51.3,2.01,0,0.0,88.8,61.6,58.2,41.8,51.0,3,14.1,5.7,12.1,Pass
1380,18,Male,4,Education,2,5,Yes,Family home,Reading-Writing,Fair,Night,16.7,35.6,1.21,0,0.0,54.1,53.8,43.6,47.1,48.4,4,1.6,9.1,4.9,Pass
1381,24,Male,1,Business,1,5,Yes,Family home,Reading-Writing,Fair,Evening,68.2,30.1,1.6,0,0.8,73.1,42.3,47.9,54.8,49.7,4,14.7,8.8,3.1,Pass
1382,18,Male,1,Business,1,4,Yes,Off-campus,Reading-Writing,Poor,Afternoon,59.5,43.0,1.77,0,1.7,62.3,24.5,53.3,20.2,28.1,5,8.9,5.7,14.7,At-Risk
1383,25,Male,4,Arts,4,4,Yes,Off-campus,Auditory,Fair,Evening,37.2,54.8,3.88,1,5.6,35.3,58.6,59.3,57.3,58.1,1,16.9,7.8,8.7,Pass
1384,22,Female,3,Education,3,3,No,Family home,Reading-Writing,Fair,Morning,39.4,52.4,2.19,0,0.7,51.3,48.2,41.0,47.0,46.2,4,14.4,4.6,17.6,Pass
1385,23,Female,1,Arts,3,3,Yes,On-campus,Visual,Fair,Afternoon,83.4,56.9,2.47,4,4.6,87.7,61.5,63.0,64.3,63.2,4,7.2,7.7,1.1,Merit
1386,24,Female,4,Engineering,1,1,Yes,On-campus,Reading-Writing,Poor,Evening,58.0,57.1,2.23,1,11.3,63.6,78.5,65.6,36.9,55.1,2,15.9,7.7,13.9,Pass
1387,20,Male,1,Education,5,1,Yes,On-campus,Auditory,Excellent,Afternoon,87.5,55.3,3.96,3,17.4,98.7,95.1,100.0,82.3,89.7,2,26.8,5.7,0.0,Distinction
1388,20,Male,3,Engineering,2,4,Yes,Off-campus,Visual,Poor,Night,62.7,70.8,4.42,4,3.4,70.0,94.4,74.7,65.7,76.1,2,30.0,7.4,9.7,Distinction
1389,25,Male,2,Arts,5,4,No,On-campus,Reading-Writing,Excellent,Evening,82.4,76.9,4.31,3,10.9,56.4,54.9,77.8,51.8,57.9,2,12.1,9.3,15.3,Pass
1390,20,Female,1,Education,5,1,No,Family home,Auditory,Excellent,Afternoon,55.8,33.2,2.78,4,5.0,50.7,47.8,31.0,56.5,48.8,4,13.5,5.3,12.3,Pass
1391,23,Female,3,Arts,1,1,Yes,Off-campus,Visual,Poor,Evening,70.9,44.5,3.36,4,9.7,85.5,75.1,67.0,67.7,69.8,5,10.9,5.6,2.6,Merit
1392,25,Male,4,Education,1,2,Yes,Off-campus,Kinesthetic,Poor,Morning,53.1,46.7,1.91,2,0.4,57.2,43.5,31.0,44.7,41.6,3,0.3,9.1,4.3,Pass
1393,23,Female,1,Arts,1,2,Yes,On-campus,Visual,Poor,Afternoon,64.2,100.0,3.61,3,15.2,93.5,81.7,81.5,99.4,90.5,2,15.2,7.7,0.0,Distinction
1394,22,Male,1,Business,4,1,Yes,Off-campus,Visual,Excellent,Afternoon,57.5,68.9,4.09,7,6.9,100.0,77.1,72.0,82.6,78.9,3,18.0,7.3,13.7,Distinction
1395,18,Female,4,Arts,5,2,Yes,Off-campus,Visual,Excellent,Afternoon,65.7,47.7,2.51,0,5.6,90.5,75.9,44.4,57.3,60.3,2,27.1,3.3,7.9,Merit
1396,22,Female,2,Business,3,5,No,Family home,Reading-Writing,Good,Evening,40.4,38.3,2.01,0,7.7,19.7,51.5,55.1,31.6,42.3,3,3.6,4.8,7.6,Pass
1397,22,Female,4,Arts,2,4,Yes,Off-campus,Reading-Writing,Poor,Afternoon,45.0,78.0,3.66,5,0.0,79.6,89.3,97.4,82.9,87.7,3,24.3,6.7,0.0,Distinction
1398,23,Female,1,Education,4,4,No,Off-campus,Visual,Good,Evening,91.3,73.3,2.47,0,7.5,100.0,79.7,63.1,61.8,67.5,2,18.3,9.0,9.2,Merit
1399,25,Female,4,Education,3,1,Yes,Family home,Reading-Writing,Fair,Afternoon,86.9,100.0,3.56,2,8.6,76.2,88.9,72.9,96.7,89.6,4,13.5,5.5,2.3,Distinction
1400,25,Male,3,Education,5,3,No,Family home,Visual,Excellent,Afternoon,39.8,10.4,1.0,0,6.0,82.2,34.6,27.9,36.0,34.0,2,4.0,10.1,3.2,At-Risk
1401,20,Female,4,Science,1,1,No,Family home,Reading-Writing,Poor,Evening,43.5,69.5,3.14,1,7.5,56.4,66.7,59.9,51.4,57.7,4,16.4,8.8,14.1,Pass
1402,19,Male,1,Engineering,5,2,No,On-campus,Auditory,Good,Morning,61.0,65.7,4.88,4,10.9,66.6,75.2,63.7,51.3,61.0,4,18.0,8.0,9.7,Merit
1403,18,Female,4,Education,2,3,No,On-campus,Auditory,Poor,Morning,67.8,85.5,2.58,2,6.1,83.5,72.1,59.0,75.0,70.9,3,1.3,5.1,17.1,Merit
1404,23,Female,2,Business,4,2,Yes,On-campus,Kinesthetic,Fair,Afternoon,11.8,68.1,3.07,1,5.3,63.2,57.6,59.7,37.8,48.2,3,16.9,9.3,15.1,Pass
1405,20,Female,4,Education,4,5,Yes,Off-campus,Visual,Excellent,Afternoon,100.0,70.3,3.99,0,8.5,84.9,77.9,80.0,54.2,66.5,3,14.3,9.0,0.0,Merit
1406,24,Male,2,Science,2,2,No,Off-campus,Visual,Fair,Morning,28.5,55.4,3.49,1,4.1,80.8,52.0,42.1,44.5,46.3,3,6.0,7.4,18.3,Pass
1407,19,Female,3,Business,3,5,No,Off-campus,Auditory,Fair,Evening,53.5,52.0,2.72,3,11.9,79.7,53.5,48.4,48.6,50.1,1,17.1,6.1,14.5,Pass
1408,19,Female,2,Science,3,5,No,Family home,Kinesthetic,Fair,Afternoon,56.9,50.2,1.62,0,3.5,73.6,59.1,46.0,73.1,63.5,2,26.3,6.4,4.0,Merit
1409,23,Female,4,Business,4,2,Yes,Family home,Visual,Excellent,Afternoon,100.0,79.9,3.47,3,7.9,100.0,78.2,70.7,52.4,63.8,3,16.2,7.4,4.3,Merit
1410,21,Male,1,Arts,4,2,Yes,Family home,Visual,Good,Night,60.4,58.0,3.46,3,9.8,91.7,64.5,96.7,82.4,79.9,2,26.8,9.3,7.9,Distinction
1411,18,Male,2,Engineering,1,5,No,Off-campus,Visual,Poor,Afternoon,75.5,52.8,2.16,2,5.6,45.5,43.4,29.8,48.0,43.0,3,0.0,7.2,6.3,Pass
1412,19,Male,3,Engineering,3,3,No,Family home,Auditory,Fair,Evening,47.8,37.4,2.13,0,2.8,81.3,54.1,50.2,33.6,43.1,4,8.2,6.3,11.4,Pass
1413,23,Male,2,Science,2,5,Yes,On-campus,Visual,Poor,Morning,50.5,48.2,3.75,3,12.8,95.0,81.7,71.1,62.0,69.7,3,17.6,6.8,9.2,Merit
1414,23,Female,2,Engineering,3,4,Yes,On-campus,Reading-Writing,Good,Afternoon,63.0,60.4,3.46,2,13.1,70.8,74.8,59.3,48.7,58.7,4,18.6,5.0,9.6,Pass
1415,20,Male,2,Science,1,5,No,On-campus,Kinesthetic,Fair,Evening,47.1,57.8,2.88,3,6.6,30.7,43.7,59.8,48.9,49.5,4,9.2,5.7,6.9,Pass
1416,24,Other,3,Science,4,3,Yes,On-campus,Auditory,Good,Afternoon,50.8,81.2,3.6,6,8.4,68.0,89.1,80.2,85.6,85.6,3,13.4,8.9,8.5,Distinction
1417,21,Male,4,Science,4,4,Yes,Off-campus,Visual,Excellent,Evening,63.3,23.5,3.37,2,15.0,96.9,59.8,64.7,69.4,65.6,2,9.4,6.5,9.2,Merit
1418,18,Male,2,Engineering,1,1,No,Family home,Auditory,Poor,Afternoon,67.2,97.5,3.36,5,14.2,100.0,69.0,80.4,80.5,77.1,1,9.4,9.5,5.8,Distinction
1419,25,Female,2,Science,2,1,Yes,On-campus,Visual,Fair,Morning,68.8,67.6,3.55,0,7.0,72.1,60.8,52.9,59.7,58.6,3,6.2,9.7,5.2,Pass
1420,22,Female,1,Engineering,4,3,Yes,Off-campus,Reading-Writing,Excellent,Afternoon,79.5,97.6,3.53,6,8.7,68.2,100.0,100.0,72.8,86.4,2,28.7,5.9,1.8,Distinction
1421,24,Female,3,Science,5,5,Yes,Off-campus,Auditory,Excellent,Afternoon,59.5,79.2,3.94,3,7.0,74.8,82.4,85.6,99.8,91.8,2,22.0,9.1,0.0,Distinction
1422,24,Female,2,Education,4,2,Yes,Off-campus,Visual,Good,Evening,67.9,64.2,1.58,4,8.3,42.7,84.0,39.6,49.0,57.6,2,15.4,5.8,0.0,Pass
1423,20,Female,3,Science,5,3,Yes,Off-campus,Reading-Writing,Excellent,Morning,52.2,100.0,3.19,2,8.1,56.8,56.0,63.9,73.5,66.3,4,32.6,7.7,3.7,Merit
1424,25,Male,2,Business,1,4,Yes,On-campus,Auditory,Poor,Night,1.5,62.7,3.78,2,0.1,100.0,57.3,32.3,60.9,54.1,2,16.2,9.0,5.5,Pass
1425,19,Other,4,Science,1,4,Yes,Off-campus,Reading-Writing,Poor,Night,71.3,100.0,2.86,5,2.8,100.0,94.7,81.2,69.2,79.2,2,26.3,8.1,4.6,Distinction
1426,19,Other,4,Arts,4,1,No,Off-campus,Visual,Good,Morning,34.3,51.5,2.26,2,3.2,41.6,69.2,61.2,57.4,61.7,3,10.4,8.0,17.0,Merit
1427,20,Female,2,Science,3,4,Yes,On-campus,Reading-Writing,Fair,Afternoon,71.5,61.2,1.42,2,9.3,78.1,64.6,57.7,80.3,71.1,4,37.8,7.9,2.7,Merit
1428,23,Male,4,Business,5,3,Yes,On-campus,Kinesthetic,Excellent,Evening,100.0,100.0,2.43,4,16.8,63.4,78.4,82.9,87.2,83.7,4,0.0,2.8,3.0,Distinction
1429,19,Female,2,Business,2,4,No,Off-campus,Reading-Writing,Poor,Night,78.0,39.5,1.24,0,1.7,48.7,51.0,38.8,26.2,36.2,5,1.2,8.5,17.1,At-Risk
1430,21,Male,4,Engineering,4,3,Yes,Family home,Kinesthetic,Good,Afternoon,39.9,52.4,2.49,1,2.9,80.4,48.5,33.2,21.3,31.9,2,13.7,9.1,7.8,At-Risk
1431,18,Male,1,Education,2,2,No,Off-campus,Visual,Poor,Afternoon,18.1,25.4,2.25,0,0.4,61.7,42.0,47.8,44.3,44.3,3,0.0,9.7,14.9,Pass
1432,24,Male,1,Science,4,1,No,Off-campus,Auditory,Fair,Afternoon,64.0,44.0,2.82,2,6.9,78.9,61.9,52.7,59.4,58.8,3,17.6,7.3,6.8,Pass
1433,24,Male,1,Engineering,3,4,No,Off-campus,Reading-Writing,Fair,Evening,54.8,73.3,3.05,5,11.6,75.7,58.8,94.9,74.3,73.8,3,18.2,10.2,4.6,Merit
1434,21,Female,3,Education,3,3,Yes,Family home,Auditory,Good,Afternoon,77.9,100.0,3.45,2,12.3,100.0,79.6,62.9,83.5,78.2,3,28.6,8.5,7.3,Distinction
1435,25,Female,3,Science,3,5,No,Family home,Auditory,Fair,Evening,42.5,56.5,3.61,1,10.9,80.6,66.0,57.9,40.9,51.8,2,7.4,4.5,5.9,Pass
1436,19,Female,1,Arts,3,1,Yes,Off-campus,Visual,Good,Morning,76.3,84.0,3.98,4,16.2,95.6,85.6,82.6,100.0,92.2,2,24.4,8.2,7.1,Distinction
1437,24,Male,3,Science,1,2,No,Off-campus,Visual,Poor,Morning,25.0,61.1,2.04,0,1.2,51.7,31.1,38.8,24.6,29.4,2,11.4,4.5,2.4,At-Risk
1438,22,Male,4,Business,1,3,No,Family home,Visual,Poor,Afternoon,61.7,29.9,3.18,0,0.0,54.3,52.1,43.0,34.8,41.6,1,7.4,6.8,6.0,Pass
1439,25,Male,2,Business,5,2,Yes,Off-campus,Visual,Excellent,Afternoon,42.6,66.8,4.53,4,11.5,73.7,65.6,99.9,66.7,73.0,2,15.8,5.1,0.0,Merit
1440,18,Other,2,Arts,2,2,Yes,On-campus,Reading-Writing,Good,Afternoon,74.1,82.9,2.2,0,6.3,66.5,59.1,71.2,70.3,67.1,4,25.3,8.4,1.0,Merit
1441,18,Male,2,Engineering,4,4,No,On-campus,Visual,Excellent,Afternoon,31.4,60.6,3.4,1,1.9,58.0,82.6,59.8,64.1,68.8,4,3.1,12.3,17.4,Merit
1442,24,Female,1,Education,4,4,No,Family home,Visual,Good,Afternoon,49.9,33.6,4.44,0,0.0,30.2,36.7,15.8,36.2,32.3,5,5.5,8.6,14.1,At-Risk
1443,20,Female,3,Science,1,3,Yes,Family home,Auditory,Poor,Morning,34.8,68.6,3.18,2,1.5,54.9,61.1,36.0,50.5,50.8,4,6.1,5.5,4.7,Pass
1444,25,Male,4,Business,4,5,Yes,On-campus,Auditory,Good,Afternoon,49.2,38.4,2.44,0,6.7,51.5,55.8,54.5,38.2,46.7,2,13.8,7.3,15.8,Pass
1445,24,Female,4,Engineering,1,3,Yes,Off-campus,Reading-Writing,Poor,Night,82.2,82.3,3.29,1,5.3,72.7,91.9,63.5,69.8,75.2,2,12.5,10.9,10.6,Distinction
1446,20,Female,1,Arts,5,5,No,Off-campus,Auditory,Excellent,Afternoon,54.7,57.3,3.58,3,9.9,65.1,76.2,96.7,48.2,66.3,1,0.0,6.7,0.8,Merit
1447,24,Female,4,Business,2,2,No,On-campus,Visual,Poor,Afternoon,27.0,39.8,3.13,0,0.2,48.3,62.0,56.3,45.9,52.8,3,15.8,9.2,20.0,Pass
1448,22,Female,4,Arts,5,1,Yes,Family home,Reading-Writing,Excellent,Afternoon,59.8,29.4,1.75,2,4.5,68.2,48.8,56.4,63.3,57.6,3,10.6,6.6,10.9,Pass
1449,25,Male,4,Science,3,3,Yes,On-campus,Auditory,Fair,Night,29.6,40.6,2.45,1,0.0,78.0,53.2,48.8,54.7,53.1,2,12.2,7.7,13.2,Pass
1450,23,Male,4,Education,3,3,No,On-campus,Visual,Good,Morning,48.3,50.8,1.15,2,7.4,69.1,58.9,63.9,77.4,69.2,3,24.7,7.2,10.7,Merit
1451,18,Female,3,Business,3,5,Yes,Off-campus,Auditory,Good,Evening,69.9,68.3,3.31,2,10.2,80.3,83.5,66.0,59.5,68.0,3,22.4,6.2,7.6,Merit
1452,24,Female,4,Business,5,2,No,Family home,Kinesthetic,Excellent,Evening,72.4,54.4,1.78,4,6.7,44.1,61.1,24.2,58.5,52.5,3,11.3,8.1,7.8,Pass
1453,22,Male,2,Science,4,2,No,On-campus,Visual,Fair,Evening,62.6,45.7,3.52,3,9.2,72.7,87.4,61.0,70.9,73.9,2,17.2,5.4,17.1,Merit
1454,20,Female,1,Engineering,2,5,Yes,Off-campus,Visual,Fair,Morning,50.2,22.4,1.41,1,4.1,81.5,37.1,51.8,66.5,54.7,5,4.3,8.0,8.2,Pass
1455,20,Female,3,Education,3,2,No,Off-campus,Visual,Fair,Evening,61.8,36.9,2.19,1,0.0,76.0,49.2,40.3,41.8,43.7,3,9.5,8.1,15.2,Pass
1456,18,Female,4,Business,3,4,Yes,On-campus,Visual,Fair,Morning,56.9,69.3,3.72,1,10.5,83.2,76.7,43.0,52.8,58.0,5,28.3,7.0,5.9,Pass
1457,21,Male,3,Education,3,1,No,On-campus,Auditory,Good,Afternoon,59.4,52.8,1.94,0,4.6,71.6,38.6,35.5,29.2,33.3,3,7.2,7.2,7.8,At-Risk
1458,24,Female,4,Business,2,3,No,Off-campus,Auditory,Fair,Evening,71.0,40.2,1.2,5,5.2,69.9,66.4,64.1,57.8,61.6,3,11.1,4.8,19.2,Merit
1459,25,Female,2,Education,3,1,No,Off-campus,Visual,Fair,Morning,36.5,59.6,2.61,0,9.3,61.6,62.0,51.0,43.6,50.6,2,17.8,7.1,11.1,Pass
1460,19,Male,1,Arts,2,3,No,Family home,Kinesthetic,Poor,Evening,9.1,79.6,3.51,5,14.5,97.2,88.3,91.5,84.2,86.9,2,14.0,8.6,1.9,Distinction
1461,20,Male,4,Business,3,4,No,Family home,Reading-Writing,Poor,Morning,39.0,67.5,2.87,1,6.9,64.2,51.2,67.6,39.0,48.4,1,19.5,8.8,9.3,Pass
1462,25,Other,4,Education,5,2,No,Family home,Auditory,Excellent,Evening,72.2,44.1,2.07,0,5.9,62.9,55.4,35.9,51.6,49.6,2,0.4,7.9,20.0,Pass
1463,25,Male,4,Engineering,5,5,Yes,On-campus,Reading-Writing,Excellent,Afternoon,58.5,54.2,4.69,3,8.6,75.8,82.2,53.7,69.1,70.0,4,18.9,4.8,18.2,Merit
1464,23,Female,4,Arts,2,4,Yes,Family home,Visual,Good,Morning,47.1,49.2,1.7,2,8.6,78.1,79.0,62.0,48.1,60.2,3,14.3,5.1,14.8,Merit
1465,25,Female,1,Arts,5,1,Yes,Off-campus,Auditory,Excellent,Morning,76.1,67.7,5.0,3,9.0,68.9,64.4,44.6,44.1,50.3,3,18.2,10.0,20.0,Pass
1466,25,Male,1,Engineering,2,5,Yes,On-campus,Reading-Writing,Poor,Night,61.1,78.6,2.99,4,13.7,100.0,62.6,70.5,77.6,71.7,2,11.0,10.1,1.4,Merit
1467,23,Female,2,Education,5,2,Yes,On-campus,Reading-Writing,Excellent,Morning,22.7,89.9,3.53,4,20.0,60.9,91.5,56.2,92.2,84.8,2,15.0,9.9,9.0,Distinction
1468,20,Male,1,Science,5,4,No,On-campus,Reading-Writing,Excellent,Morning,21.6,61.5,2.27,0,7.6,75.0,66.8,32.2,45.5,49.3,4,17.0,10.2,10.0,Pass
1469,25,Female,4,Engineering,2,5,No,Off-campus,Visual,Poor,Afternoon,57.6,27.2,2.22,2,0.0,62.5,49.0,60.2,40.8,47.2,3,8.6,6.8,0.9,Pass
1470,21,Male,2,Education,4,4,No,Off-campus,Kinesthetic,Excellent,Evening,50.9,87.6,2.23,3,3.4,66.7,65.1,68.2,58.0,62.2,2,18.9,6.0,11.1,Merit
1471,21,Female,2,Engineering,5,4,No,Off-campus,Visual,Excellent,Afternoon,61.1,31.1,2.33,0,8.3,30.2,40.3,17.9,24.9,28.1,5,5.0,12.4,12.5,At-Risk
1472,22,Male,2,Engineering,3,2,Yes,Off-campus,Reading-Writing,Fair,Morning,25.2,45.0,1.11,0,4.8,67.1,40.4,19.0,29.1,30.5,5,4.3,8.0,20.0,At-Risk
1473,23,Male,4,Business,4,3,Yes,On-campus,Kinesthetic,Excellent,Afternoon,64.5,78.9,3.97,2,13.8,96.2,84.9,54.0,100.0,86.3,3,19.6,6.2,1.9,Distinction
1474,22,Other,3,Education,2,5,Yes,Off-campus,Visual,Fair,Morning,53.8,100.0,2.07,5,10.8,100.0,95.8,100.0,98.6,98.1,3,23.2,6.6,0.8,Distinction
1475,23,Male,4,Science,4,2,No,Off-campus,Reading-Writing,Excellent,Morning,42.1,39.9,3.09,3,2.5,69.6,59.0,57.6,51.7,55.1,4,12.2,6.1,16.4,Pass
1476,24,Female,1,Business,1,4,Yes,Family home,Visual,Poor,Afternoon,22.9,77.8,3.97,5,13.4,72.0,84.0,61.4,54.5,64.7,1,23.0,10.6,5.9,Merit
1477,24,Male,1,Engineering,1,2,No,Family home,Auditory,Poor,Evening,50.4,33.5,2.14,2,2.6,72.7,51.2,60.3,78.8,66.8,5,14.0,7.2,12.9,Merit
1478,25,Female,4,Engineering,5,3,Yes,On-campus,Auditory,Excellent,Morning,86.8,100.0,5.0,7,20.0,100.0,100.0,83.2,100.0,96.6,3,26.4,6.6,0.9,Distinction
1479,19,Male,4,Engineering,5,5,Yes,On-campus,Auditory,Excellent,Afternoon,65.5,64.6,3.6,5,6.2,53.4,79.0,84.2,77.1,79.1,3,27.0,10.4,6.8,Distinction
1480,24,Other,2,Education,3,3,Yes,Off-campus,Kinesthetic,Fair,Afternoon,96.7,62.2,4.21,1,5.3,81.6,74.2,82.1,61.2,69.3,3,11.4,5.8,7.2,Merit
1481,19,Male,4,Education,4,1,No,Family home,Reading-Writing,Excellent,Night,82.1,66.0,1.84,0,9.1,94.9,55.7,36.3,41.3,44.6,2,6.4,5.2,13.4,Pass
1482,24,Male,2,Business,1,5,No,Off-campus,Auditory,Poor,Night,23.9,48.2,4.45,0,0.0,57.9,37.5,64.5,36.3,42.3,3,0.0,6.1,12.2,Pass
1483,18,Male,1,Science,5,3,No,On-campus,Reading-Writing,Excellent,Evening,18.2,85.4,1.19,2,7.1,68.2,67.1,61.7,53.4,59.2,3,8.7,4.2,3.4,Pass
1484,24,Male,2,Business,4,4,No,On-campus,Kinesthetic,Fair,Morning,47.5,69.5,2.36,0,4.3,58.5,36.8,68.7,34.7,42.1,2,5.3,5.6,9.7,Pass
1485,22,Female,4,Arts,5,5,No,Off-campus,Visual,Excellent,Morning,48.3,30.8,1.0,0,0.0,63.5,54.8,42.4,42.5,46.2,3,4.1,10.7,18.7,Pass
1486,20,Male,1,Engineering,5,5,No,Off-campus,Kinesthetic,Excellent,Afternoon,31.3,59.3,4.16,2,0.0,58.4,59.2,54.0,57.7,57.4,2,6.7,7.5,12.6,Pass
1487,25,Female,3,Engineering,1,2,Yes,Family home,Visual,Fair,Afternoon,28.0,17.9,2.25,0,6.1,70.1,50.1,65.9,35.6,46.0,3,16.5,6.7,15.1,Pass
1488,22,Male,2,Engineering,1,4,Yes,On-campus,Reading-Writing,Poor,Afternoon,100.0,79.0,3.71,5,8.4,87.6,92.8,94.7,82.9,88.2,1,18.0,5.5,2.9,Distinction
1489,20,Male,1,Business,5,1,Yes,Off-campus,Visual,Good,Evening,58.7,94.1,3.8,2,13.5,100.0,76.0,77.7,87.3,82.0,1,14.5,7.1,0.0,Distinction
1490,21,Female,2,Business,2,3,No,Family home,Visual,Poor,Evening,68.2,54.1,2.99,1,9.4,95.2,71.0,36.6,52.7,55.0,3,16.0,6.0,1.9,Pass
1491,22,Female,1,Engineering,5,2,Yes,Off-campus,Auditory,Excellent,Evening,51.2,54.2,3.26,5,17.2,82.8,92.4,64.1,87.2,84.1,2,14.7,4.7,2.1,Distinction
1492,21,Male,1,Business,5,3,Yes,Off-campus,Reading-Writing,Good,Afternoon,54.6,91.4,2.03,2,1.7,69.7,60.4,66.7,60.7,61.8,2,26.3,7.6,2.1,Merit
1493,19,Male,2,Education,3,1,No,Off-campus,Visual,Poor,Evening,39.7,55.5,2.7,2,0.0,59.3,46.3,64.7,29.8,41.7,3,16.3,5.7,8.0,Pass
1494,19,Male,3,Education,3,1,Yes,On-campus,Visual,Fair,Afternoon,58.7,98.3,4.06,6,13.2,88.1,66.1,84.4,89.3,81.4,5,14.4,4.6,0.6,Distinction
1495,18,Female,1,Business,3,5,No,Family home,Auditory,Good,Morning,83.5,53.4,3.83,2,11.8,62.3,72.7,61.0,70.6,69.3,3,24.8,6.4,3.7,Merit
1496,24,Female,1,Engineering,2,1,No,On-campus,Kinesthetic,Poor,Evening,18.8,52.7,4.01,2,10.9,41.2,57.1,22.4,44.9,44.1,4,18.4,8.6,18.3,Pass
1497,22,Male,1,Business,2,3,No,Family home,Visual,Fair,Morning,59.1,61.0,1.17,0,2.3,86.5,49.5,47.7,58.2,53.5,2,6.1,6.5,8.3,Pass
1498,21,Female,3,Business,5,4,No,Off-campus,Visual,Good,Afternoon,39.1,34.5,2.51,4,10.0,75.8,68.7,48.4,65.6,63.1,4,2.5,3.8,15.3,Merit
1499,20,Female,3,Business,3,4,No,Off-campus,Auditory,Fair,Afternoon,49.5,36.7,3.26,0,3.8,69.5,40.2,29.0,46.7,41.2,3,3.8,9.2,13.0,Pass
